city,year,income,expend,gdp
上海,2006,1576.07,1795.57,8730.0
上海,2007,2074.48,2181.68,8745.22
上海,2008,2358.75,2593.92,11464.15
上海,2009,2540.3,2989.65,13707.32
上海,2010,2873.58,3302.89,15650.24
上海,2011,3429.83,3914.88,17288.45
上海,2012,3743.71,4184.02,19506.7
上海,2013,4109.51,4528.61,20486.25
上海,2014,4585.55,4923.44,21269.3
上海,2015,5519.5,6191.56,23384.73
上海,2016,6406.13,6918.94,23639.8
上海,2017,6642.26,7547.62,24338.48
上海,2018,7108.15,8351.54,27071.74
上海,2019,7165.1,8179.28,31727.73
上海,2020,7046.3,8102.11,36733.97
上海,2021,7771.8,8430.86,41150.4
上海,2022,7608.0,9393.0,52638.0
上海,2023,8312.5,9638.51,58319.93
上海,2024,8374.17,9874.84,63910.99
上海,2025,,,
乌鲁木齐,2006,57.04,49.53,678.16
乌鲁木齐,2007,73.43,68.32,679.53
乌鲁木齐,2008,100.98,99.35,872.22
乌鲁木齐,2009,113.54,133.88,1040.71
乌鲁木齐,2010,147.99,159.61,1242.85
乌鲁木齐,2011,229.59,238.49,1470.34
乌鲁木齐,2012,252.01,295.6,1715.97
乌鲁木齐,2013,301.9,353.2,1896.3
乌鲁木齐,2014,340.62,404.81,1974.84
乌鲁木齐,2015,368.67,446.66,2157.31
乌鲁木齐,2016,369.67,417.56,2295.69
乌鲁木齐,2017,400.78,458.58,2600.39
乌鲁木齐,2018,458.28,659.79,2871.11
乌鲁木齐,2019,472.46,620.28,3171.71
乌鲁木齐,2020,392.64,536.87,3680.28
乌鲁木齐,2021,377.93,419.59,4027.86
乌鲁木齐,2022,314.82,455.77,4647.52
乌鲁木齐,2023,369.79,504.05,5306.0
乌鲁木齐,2024,371.3,465.52,5905.76
乌鲁木齐,2025,,,
兰州,2006,33.14,63.13,687.75
兰州,2007,46.63,83.3,649.66
兰州,2008,50.86,99.66,823.83
兰州,2009,57.04,119.83,1089.97
兰州,2010,72.76,146.93,1295.95
兰州,2011,86.49,175.48,1480.16
兰州,2012,103.73,202.6,1743.18
兰州,2013,124.5,242.34,2021.56
兰州,2014,152.33,280.1,2262.94
兰州,2015,185.19,344.0,2608.54
兰州,2016,215.48,424.16,2796.24
兰州,2017,234.2,429.36,2949.27
兰州,2018,253.32,465.64,3244.08
兰州,2019,233.23,456.66,3571.18
兰州,2020,247.13,486.24,3859.63
兰州,2021,276.73,484.59,4082.97
兰州,2022,220.98,498.8,4569.26
兰州,2023,255.33,502.92,5130.17
兰州,2024,251.91,547.64,5639.54
兰州,2025,,,
北京,2006,1117.15,1296.84,8705.6
北京,2007,1492.64,1649.5,9155.34
北京,2008,1837.32,1959.29,11952.84
北京,2009,2026.81,2319.37,14672.1
北京,2010,2353.93,2717.32,17003.11
北京,2011,3006.28,3245.23,19126.14
北京,2012,3314.93,3685.31,21644.9
北京,2013,3661.11,4173.66,23086.41
北京,2014,4027.16,4524.67,24158.4
北京,2015,4723.86,5737.7,23913.97
北京,2016,5081.26,6406.77,28012.03
北京,2017,5430.79,6824.53,28962.2
北京,2018,5785.92,7471.43,34018.96
北京,2019,5817.1,7408.19,37309.68
北京,2020,5483.89,7116.18,42888.77
北京,2021,5932.31,7205.12,47184.31
北京,2022,5714.36,7469.15,56915.76
北京,2023,6181.1,7971.25,64020.36
北京,2024,6372.68,8396.49,70398.15
北京,2025,,,
南京,2006,246.44,262.46,1834.88
南京,2007,330.19,342.94,1951.16
南京,2008,386.56,404.67,2505.33
南京,2009,434.51,461.27,3056.35
南京,2010,518.8,542.18,3511.85
南京,2011,635.0,666.21,3910.2
南京,2012,733.02,769.66,4465.37
南京,2013,831.31,850.91,4883.29
南京,2014,903.49,921.2,5055.77
南京,2015,1020.03,1045.57,5535.53
南京,2016,1142.6,1173.84,5894.47
南京,2017,1271.91,1354.09,6019.7
南京,2018,1470.02,1532.72,6914.84
南京,2019,1580.03,1658.07,8299.64
南京,2020,1637.7,1754.62,9499.25
南京,2021,1729.52,1817.73,10636.78
南京,2022,1558.21,1828.69,13078.05
南京,2023,1619.98,1838.7,15228.95
南京,2024,1596.02,1705.26,17091.85
南京,2025,,,
南宁,2006,56.62,93.08,681.45
南宁,2007,70.15,118.0,714.79
南宁,2008,191.17,166.08,88.65
南宁,2009,120.46,203.55,1116.2
南宁,2010,156.1,261.28,1375.89
南宁,2011,186.29,302.31,1581.03
南宁,2012,229.72,376.51,1863.8
南宁,2013,256.25,418.4,2321.16
南宁,2014,274.85,465.78,2529.86
南宁,2015,297.05,526.72,2700.37
南宁,2016,312.79,586.98,2924.55
南宁,2017,332.15,646.37,3176.69
南宁,2018,358.96,697.99,3542.83
南宁,2019,370.93,789.2,3960.31
南宁,2020,372.25,819.86,4415.35
南宁,2021,392.0,778.0,4878.8
南宁,2022,392.68,838.93,5521.82
南宁,2023,400.88,816.48,6117.13
南宁,2024,381.16,796.99,6713.22
南宁,2025,,,
南昌,2006,68.11,93.37,733.85
南昌,2007,87.22,116.86,744.57
南昌,2008,102.15,148.17,955.4
南昌,2009,115.88,181.75,1181.82
南昌,2010,146.47,232.03,1417.58
南昌,2011,187.03,299.37,1603.96
南昌,2012,240.02,345.51,1853.57
南昌,2013,291.91,419.37,2051.16
南昌,2014,342.21,473.16,2149.33
南昌,2015,389.34,543.18,2491.39
南昌,2016,402.18,583.26,2722.42
南昌,2017,417.08,653.12,2869.84
南昌,2018,461.75,752.41,3132.05
南昌,2019,477.0,834.11,3618.06
南昌,2020,483.86,838.17,4278.65
南昌,2021,484.83,870.01,4737.98
南昌,2022,457.68,939.04,5750.37
南昌,2023,500.18,925.55,6641.74
南昌,2024,526.21,940.07,7516.14
南昌,2025,,,
厦门,2006,136.17,159.13,680.82
厦门,2007,186.53,198.66,740.0
厦门,2008,220.23,238.09,929.44
厦门,2009,240.56,268.05,1158.1
厦门,2010,289.17,306.95,1384.67
厦门,2011,370.77,389.07,1558.74
厦门,2012,422.91,460.98,1680.19
厦门,2013,490.6,516.74,1950.1
厦门,2014,543.8,548.25,1972.02
厦门,2015,606.1,651.17,2050.27
厦门,2016,647.94,758.64,2172.0
厦门,2017,696.87,797.1,2292.06
厦门,2018,754.54,892.5,2610.18
厦门,2019,768.38,912.98,3062.0
厦门,2020,783.94,976.91,3684.39
厦门,2021,880.96,1060.0,4197.79
厦门,2022,883.81,1088.74,5213.39
厦门,2023,932.14,1084.65,5963.18
厦门,2024,933.35,1059.2,6546.18
厦门,2025,,,
合肥,2006,79.4,102.89,624.56
合肥,2007,169.32,167.08,673.09
合肥,2008,222.08,222.25,852.83
合肥,2009,180.9,245.86,1031.81
合肥,2010,259.43,317.72,1233.73
合肥,2011,338.51,474.89,1689.54
合肥,2012,389.5,572.1,2065.57
合肥,2013,438.62,630.89,2355.77
合肥,2014,500.34,698.79,2539.5
合肥,2015,571.54,772.66,3018.54
合肥,2016,614.85,859.85,3281.26
合肥,2017,655.9,965.34,3489.18
合肥,2018,712.49,1004.91,4003.41
合肥,2019,745.99,1122.67,4667.22
合肥,2020,762.9,1164.35,5589.4
合肥,2021,844.22,1223.72,6394.14
合肥,2022,909.25,1380.18,7958.04
合肥,2023,929.63,1411.34,9387.14
合肥,2024,955.01,1581.06,10785.84
合肥,2025,,,
呼和浩特,2006,45.52,75.5,453.08
呼和浩特,2007,57.96,100.51,511.38
呼和浩特,2008,82.25,133.18,640.56
呼和浩特,2009,106.79,165.16,775.89
呼和浩特,2010,126.76,177.28,929.81
呼和浩特,2011,151.43,255.67,1053.68
呼和浩特,2012,178.64,275.32,1243.27
呼和浩特,2013,182.02,294.84,1414.62
呼和浩特,2014,211.54,310.91,1480.88
呼和浩特,2015,247.4,360.65,1683.96
呼和浩特,2016,269.65,419.97,1866.01
呼和浩特,2017,201.5,403.04,1953.41
呼和浩特,2018,204.72,356.74,2174.09
呼和浩特,2019,203.12,417.92,2391.64
呼和浩特,2020,217.1,438.57,2623.75
呼和浩特,2021,228.92,420.75,2893.1
呼和浩特,2022,230.87,420.98,3372.46
呼和浩特,2023,238.06,592.97,3903.7
呼和浩特,2024,255.12,581.61,3771.45
呼和浩特,2025,,,
哈尔滨,2006,118.29,194.68,1563.83
哈尔滨,2007,132.05,232.38,1541.1
哈尔滨,2008,164.01,301.27,1916.76
哈尔滨,2009,193.36,348.41,2249.55
哈尔滨,2010,238.14,452.97,2580.14
哈尔滨,2011,300.32,557.14,2896.57
哈尔滨,2012,354.72,643.58,3320.67
哈尔滨,2013,402.28,709.78,3593.56
哈尔滨,2014,423.52,740.08,3768.82
哈尔滨,2015,407.73,824.84,4370.42
哈尔滨,2016,376.24,876.29,4671.9
哈尔滨,2017,368.1,958.47,4938.37
哈尔滨,2018,384.37,962.17,5394.26
哈尔滨,2019,370.91,1101.14,6291.84
哈尔滨,2020,339.57,1162.25,7311.39
哈尔滨,2021,365.81,992.08,8187.2
哈尔滨,2022,,,9645.65
哈尔滨,2023,313.07,1080.7,11005.59
哈尔滨,2024,337.84,1257.56,12056.26
哈尔滨,2025,,,
大连,2006,196.14,266.52,1866.49
大连,2007,267.98,344.57,1836.99
大连,2008,339.07,410.0,2388.97
大连,2009,400.23,471.16,2930.65
大连,2010,500.83,611.47,3374.82
大连,2011,651.13,734.94,3672.21
大连,2012,750.11,890.96,4160.47
大连,2013,850.16,1083.54,4483.77
大连,2014,780.86,989.46,4666.71
大连,2015,579.91,910.69,5107.89
大连,2016,611.9,870.28,5277.66
大连,2017,657.64,919.84,5414.5
大连,2018,703.99,1001.49,6039.97
大连,2019,692.84,1016.28,6842.29
大连,2020,702.68,1001.98,7843.76
大连,2021,737.6,980.05,8686.07
大连,2022,669.77,991.08,10070.22
大连,2023,750.24,1013.5,11390.73
大连,2024,774.77,1085.14,12401.49
大连,2025,,,
天津,2006,417.05,543.12,2808.1
天津,2007,540.44,674.33,3083.07
天津,2008,675.62,867.72,3978.04
天津,2009,821.99,1124.28,4885.86
天津,2010,1068.81,1376.84,5558.23
天津,2011,1455.13,1796.33,6123.08
天津,2012,1760.02,2143.21,7055.4
天津,2013,2079.07,2549.21,7612.31
天津,2014,2390.35,2884.7,7916.9
天津,2015,2667.11,3232.35,8743.79
天津,2016,2723.5,3699.43,9125.38
天津,2017,2310.36,3282.54,9558.05
天津,2018,2106.24,3103.16,10746.17
天津,2019,2410.41,3555.71,12639.64
天津,2020,1923.11,3151.35,14865.71
天津,2021,2141.06,3152.55,16244.12
天津,2022,1846.69,2729.83,19211.25
天津,2023,2027.51,3280.42,21996.82
天津,2024,2134.2,3627.18,24069.63
天津,2025,,,
太原,2006,75.33,95.42,1183.95
太原,2007,88.42,155.8,1307.24
太原,2008,116.92,152.86,1728.92
太原,2009,117.53,159.91,2085.0
太原,2010,138.48,189.64,2386.79
太原,2011,174.72,239.31,2775.57
太原,2012,215.67,277.44,3021.5
太原,2013,247.33,319.11,3307.99
太原,2014,258.85,322.69,3325.78
太原,2015,274.24,419.99,3432.12
太原,2016,282.69,424.07,3661.76
太原,2017,311.85,479.06,4384.88
太原,2018,373.23,542.46,4767.46
太原,2019,386.62,610.55,5252.08
太原,2020,378.44,647.34,5896.93
太原,2021,423.44,628.99,6566.4
太原,2022,437.48,715.9,7761.93
太原,2023,449.24,777.26,8825.19
太原,2024,440.26,744.38,9741.2
太原,2025,,,
宁波,2006,257.38,292.7,1752.04
宁波,2007,329.12,371.04,1856.08
宁波,2008,390.39,439.41,2365.15
宁波,2009,432.8,506.08,2901.76
宁波,2010,530.93,600.74,3312.17
宁波,2011,657.55,750.72,3696.28
宁波,2012,725.5,828.44,4175.96
宁波,2013,792.81,939.89,4562.36
宁波,2014,860.61,1000.86,4780.31
宁波,2015,1006.41,1252.64,5302.84
宁波,2016,1114.54,1289.26,5689.44
宁波,2017,1245.29,1410.6,5902.68
宁波,2018,1379.69,1594.1,6561.26
宁波,2019,1468.51,1767.89,7475.47
宁波,2020,1510.84,1742.09,8522.07
宁波,2021,1723.14,1944.42,9387.31
宁波,2022,1680.23,2187.81,11749.75
宁波,2023,1785.86,2235.09,14282.01
宁波,2024,1790.47,2230.37,16255.52
宁波,2025,,,
广州,2006,427.08,506.79,5562.36
广州,2007,523.79,623.69,5855.79
广州,2008,621.84,713.35,7111.27
广州,2009,702.65,789.92,8214.21
广州,2010,872.65,977.32,9302.33
广州,2011,979.48,1181.25,10032.62
广州,2012,1102.4,1343.65,11310.69
广州,2013,1141.8,1386.13,12496.69
广州,2014,1243.1,1436.22,12825.64
广州,2015,1349.47,1727.72,13602.38
广州,2016,1393.64,1943.75,13995.79
广州,2017,1536.74,2186.01,14625.63
广州,2018,1634.22,2506.18,16042.06
广州,2019,1699.04,2865.33,17980.56
广州,2020,1722.79,2952.65,20774.13
广州,2021,1884.26,3021.18,22768.53
广州,2022,1855.1,3022.45,26479.87
广州,2023,1945.06,2971.65,29714.95
广州,2024,1954.74,2782.5,32394.04
广州,2025,,,
成都,2006,186.77,252.24,2411.45
成都,2007,286.38,356.05,2466.4
成都,2008,354.69,506.43,3264.79
成都,2009,387.36,600.97,4233.71
成都,2010,526.94,777.38,5071.37
成都,2011,680.69,857.87,5944.77
成都,2012,780.9,983.85,7060.03
成都,2013,898.54,1161.75,8151.59
成都,2014,1025.17,1340.0,8976.94
成都,2015,1157.64,1468.42,9922.18
成都,2016,1175.41,1595.89,10808.0
成都,2017,1275.53,1756.66,11970.84
成都,2018,1424.16,1837.42,13141.47
成都,2019,1482.96,2006.95,14900.55
成都,2020,1520.38,2159.48,17084.99
成都,2021,1697.63,2237.69,19020.46
成都,2022,1722.43,2435.01,22402.78
成都,2023,1929.06,2586.83,25768.94
成都,2024,1949.5,2610.39,28991.89
成都,2025,,,
拉萨,2006,3.9,15.69,
拉萨,2007,5.75,24.62,90.47
拉萨,2008,8.03,33.02,104.45
拉萨,2009,10.05,37.73,127.3
拉萨,2010,15.02,51.35,
拉萨,2011,23.43,75.63,178.3
拉萨,2012,34.36,106.9,
拉萨,2013,50.16,131.92,
拉萨,2014,64.79,169.49,559.28
拉萨,2015,62.42,200.4,341.19
拉萨,2016,70.79,248.11,408.87
拉萨,2017,89.63,257.47,442.69
拉萨,2018,110.1,300.12,461.42
拉萨,2019,117.04,365.41,471.78
拉萨,2020,107.26,349.66,530.61
拉萨,2021,106.94,318.38,557.07
拉萨,2022,72.47,355.33,631.68
拉萨,2023,109.14,452.12,717.53
拉萨,2024,120.64,465.35,792.11
拉萨,2025,,,
数据来源：国家统计局,2006,,,
数据来源：国家统计局,2007,,,
数据来源：国家统计局,2008,,,
数据来源：国家统计局,2009,,,
数据来源：国家统计局,2010,,,
数据来源：国家统计局,2011,,,
数据来源：国家统计局,2012,,,
数据来源：国家统计局,2013,,,
数据来源：国家统计局,2014,,,
数据来源：国家统计局,2015,,,
数据来源：国家统计局,2016,,,
数据来源：国家统计局,2017,,,
数据来源：国家统计局,2018,,,
数据来源：国家统计局,2019,,,
数据来源：国家统计局,2020,,,
数据来源：国家统计局,2021,,,
数据来源：国家统计局,2022,,,
数据来源：国家统计局,2023,,,
数据来源：国家统计局,2024,,,
数据来源：国家统计局,2025,,,
昆明,2006,103.72,133.68,1156.07
昆明,2007,133.1,164.65,1212.17
昆明,2008,174.99,233.49,1547.11
昆明,2009,,,
昆明,2010,253.83,346.31,2341.54
昆明,2011,317.69,441.73,2615.65
昆明,2012,378.4,525.54,2967.02
昆明,2013,450.75,585.76,3355.28
昆明,2014,477.97,593.66,3495.8
昆明,2015,502.22,615.49,3429.53
昆明,2016,530.0,688.4,3540.71
昆明,2017,560.86,775.9,4431.4
昆明,2018,595.63,756.8,4882.51
昆明,2019,630.03,820.86,5355.45
昆明,2020,650.47,875.05,5962.79
昆明,2021,689.12,928.16,6495.44
昆明,2022,505.25,863.32,7391.22
昆明,2023,558.0,837.79,8288.85
昆明,2024,547.22,842.85,9095.97
昆明,2025,,,
杭州,2006,301.39,275.48,2473.69
杭州,2007,391.62,335.72,2578.78
杭州,2008,455.35,419.67,3420.65
杭州,2009,520.79,490.4,4286.92
杭州,2010,671.34,616.58,4990.97
杭州,2011,785.15,747.51,5519.17
杭州,2012,859.99,786.28,6022.08
杭州,2013,945.2,855.74,6339.75
杭州,2014,1027.32,961.18,6694.55
杭州,2015,1233.88,1205.48,7507.09
杭州,2016,1402.38,1404.31,8313.13
杭州,2017,1567.42,1540.92,8502.96
杭州,2018,1825.06,1717.08,9981.24
杭州,2019,1965.97,1952.85,11677.34
杭州,2020,2093.39,2069.66,14193.63
杭州,2021,2386.59,2392.04,15623.01
杭州,2022,2450.61,2542.09,19598.76
杭州,2023,2616.81,2636.23,23199.39
杭州,2024,2640.33,2690.35,25545.54
杭州,2025,,,
武汉,2006,178.6,257.81,1887.73
武汉,2007,221.68,307.23,1949.07
武汉,2008,277.32,377.88,2428.02
武汉,2009,316.07,503.64,3010.11
武汉,2010,390.19,583.55,3590.56
武汉,2011,673.26,765.04,4036.23
武汉,2012,828.58,885.55,4622.96
武汉,2013,978.52,1122.88,5117.43
武汉,2014,1101.02,1175.1,5352.13
武汉,2015,1245.63,1338.05,6059.03
武汉,2016,1322.1,1524.68,6464.88
武汉,2017,1402.93,1728.28,6879.71
武汉,2018,1528.7,1929.31,7728.5
武汉,2019,1564.12,2237.1,8992.96
武汉,2020,1230.29,2407.81,10213.24
武汉,2021,1578.65,2215.97,11498.18
武汉,2022,1504.74,2223.15,13923.74
武汉,2023,1601.2,2204.08,16208.08
武汉,2024,1667.31,2481.0,18248.58
武汉,2025,,,
沈阳,2006,175.63,268.76,1921.98
沈阳,2007,230.81,339.68,1967.83
沈阳,2008,291.04,406.74,2471.78
沈阳,2009,320.21,475.88,2948.54
沈阳,2010,465.35,516.62,3338.23
沈阳,2011,620.12,639.29,3729.47
沈阳,2012,715.04,766.09,4318.84
沈阳,2013,801.0,881.28,4765.48
沈阳,2014,785.5,914.37,5147.63
沈阳,2015,606.24,808.58,5769.3
沈阳,2016,620.95,825.39,6145.55
沈阳,2017,656.24,855.02,6495.25
沈阳,2018,720.64,965.44,7288.14
沈阳,2019,730.29,1047.65,8337.61
沈阳,2020,736.08,1074.05,10329.86
沈阳,2021,773.02,1032.5,11057.27
沈阳,2022,713.67,1053.59,12473.97
沈阳,2023,800.85,1084.06,13894.74
沈阳,2024,825.58,1160.69,15132.0
沈阳,2025,,,
注：住户存款余额为年末金融机构人民币各项存款余额的其中项。,2006,,,
注：住户存款余额为年末金融机构人民币各项存款余额的其中项。,2007,,,
注：住户存款余额为年末金融机构人民币各项存款余额的其中项。,2008,,,
注：住户存款余额为年末金融机构人民币各项存款余额的其中项。,2009,,,
注：住户存款余额为年末金融机构人民币各项存款余额的其中项。,2010,,,
注：住户存款余额为年末金融机构人民币各项存款余额的其中项。,2011,,,
注：住户存款余额为年末金融机构人民币各项存款余额的其中项。,2012,,,
注：住户存款余额为年末金融机构人民币各项存款余额的其中项。,2013,,,
注：住户存款余额为年末金融机构人民币各项存款余额的其中项。,2014,,,
注：住户存款余额为年末金融机构人民币各项存款余额的其中项。,2015,,,
注：住户存款余额为年末金融机构人民币各项存款余额的其中项。,2016,,,
注：住户存款余额为年末金融机构人民币各项存款余额的其中项。,2017,,,
注：住户存款余额为年末金融机构人民币各项存款余额的其中项。,2018,,,
注：住户存款余额为年末金融机构人民币各项存款余额的其中项。,2019,,,
注：住户存款余额为年末金融机构人民币各项存款余额的其中项。,2020,,,
注：住户存款余额为年末金融机构人民币各项存款余额的其中项。,2021,,,
注：住户存款余额为年末金融机构人民币各项存款余额的其中项。,2022,,,
注：住户存款余额为年末金融机构人民币各项存款余额的其中项。,2023,,,
注：住户存款余额为年末金融机构人民币各项存款余额的其中项。,2024,,,
注：住户存款余额为年末金融机构人民币各项存款余额的其中项。,2025,,,
注：地方财政支出均为本级支出，2000年以前不包括国内外债务还本付息支出和利用国外借款收入安排的基本建设支出。,2006,,,
注：地方财政支出均为本级支出，2000年以前不包括国内外债务还本付息支出和利用国外借款收入安排的基本建设支出。,2007,,,
注：地方财政支出均为本级支出，2000年以前不包括国内外债务还本付息支出和利用国外借款收入安排的基本建设支出。,2008,,,
注：地方财政支出均为本级支出，2000年以前不包括国内外债务还本付息支出和利用国外借款收入安排的基本建设支出。,2009,,,
注：地方财政支出均为本级支出，2000年以前不包括国内外债务还本付息支出和利用国外借款收入安排的基本建设支出。,2010,,,
注：地方财政支出均为本级支出，2000年以前不包括国内外债务还本付息支出和利用国外借款收入安排的基本建设支出。,2011,,,
注：地方财政支出均为本级支出，2000年以前不包括国内外债务还本付息支出和利用国外借款收入安排的基本建设支出。,2012,,,
注：地方财政支出均为本级支出，2000年以前不包括国内外债务还本付息支出和利用国外借款收入安排的基本建设支出。,2013,,,
注：地方财政支出均为本级支出，2000年以前不包括国内外债务还本付息支出和利用国外借款收入安排的基本建设支出。,2014,,,
注：地方财政支出均为本级支出，2000年以前不包括国内外债务还本付息支出和利用国外借款收入安排的基本建设支出。,2015,,,
注：地方财政支出均为本级支出，2000年以前不包括国内外债务还本付息支出和利用国外借款收入安排的基本建设支出。,2016,,,
注：地方财政支出均为本级支出，2000年以前不包括国内外债务还本付息支出和利用国外借款收入安排的基本建设支出。,2017,,,
注：地方财政支出均为本级支出，2000年以前不包括国内外债务还本付息支出和利用国外借款收入安排的基本建设支出。,2018,,,
注：地方财政支出均为本级支出，2000年以前不包括国内外债务还本付息支出和利用国外借款收入安排的基本建设支出。,2019,,,
注：地方财政支出均为本级支出，2000年以前不包括国内外债务还本付息支出和利用国外借款收入安排的基本建设支出。,2020,,,
注：地方财政支出均为本级支出，2000年以前不包括国内外债务还本付息支出和利用国外借款收入安排的基本建设支出。,2021,,,
注：地方财政支出均为本级支出，2000年以前不包括国内外债务还本付息支出和利用国外借款收入安排的基本建设支出。,2022,,,
注：地方财政支出均为本级支出，2000年以前不包括国内外债务还本付息支出和利用国外借款收入安排的基本建设支出。,2023,,,
注：地方财政支出均为本级支出，2000年以前不包括国内外债务还本付息支出和利用国外借款收入安排的基本建设支出。,2024,,,
注：地方财政支出均为本级支出，2000年以前不包括国内外债务还本付息支出和利用国外借款收入安排的基本建设支出。,2025,,,
注：地方财政收入均为本级收入，不包括国内外债务收入。,2006,,,
注：地方财政收入均为本级收入，不包括国内外债务收入。,2007,,,
注：地方财政收入均为本级收入，不包括国内外债务收入。,2008,,,
注：地方财政收入均为本级收入，不包括国内外债务收入。,2009,,,
注：地方财政收入均为本级收入，不包括国内外债务收入。,2010,,,
注：地方财政收入均为本级收入，不包括国内外债务收入。,2011,,,
注：地方财政收入均为本级收入，不包括国内外债务收入。,2012,,,
注：地方财政收入均为本级收入，不包括国内外债务收入。,2013,,,
注：地方财政收入均为本级收入，不包括国内外债务收入。,2014,,,
注：地方财政收入均为本级收入，不包括国内外债务收入。,2015,,,
注：地方财政收入均为本级收入，不包括国内外债务收入。,2016,,,
注：地方财政收入均为本级收入，不包括国内外债务收入。,2017,,,
注：地方财政收入均为本级收入，不包括国内外债务收入。,2018,,,
注：地方财政收入均为本级收入，不包括国内外债务收入。,2019,,,
注：地方财政收入均为本级收入，不包括国内外债务收入。,2020,,,
注：地方财政收入均为本级收入，不包括国内外债务收入。,2021,,,
注：地方财政收入均为本级收入，不包括国内外债务收入。,2022,,,
注：地方财政收入均为本级收入，不包括国内外债务收入。,2023,,,
注：地方财政收入均为本级收入，不包括国内外债务收入。,2024,,,
注：地方财政收入均为本级收入，不包括国内外债务收入。,2025,,,
济南,2006,128.44,146.98,1182.57
济南,2007,157.02,179.98,1266.66
济南,2008,186.02,221.32,1588.53
济南,2009,210.19,259.92,1911.53
济南,2010,266.13,336.8,2187.68
济南,2011,325.42,396.88,2427.48
济南,2012,380.82,465.67,2888.74
济南,2013,482.07,519.32,3267.78
济南,2014,543.13,571.41,3541.36
济南,2015,614.32,658.18,3951.42
济南,2016,641.22,741.26,4279.95
济南,2017,677.21,834.06,4465.73
济南,2018,752.82,1018.25,5008.08
济南,2019,874.19,1197.32,6438.09
济南,2020,906.08,1288.8,7584.12
济南,2021,1007.61,1293.08,8558.43
济南,2022,1001.14,1225.57,10226.27
济南,2023,1060.82,1365.29,11806.38
济南,2024,1083.05,1397.15,13283.87
济南,2025,,,
海口,2006,21.13,32.25,406.96
海口,2007,44.85,43.21,430.95
海口,2008,31.03,46.79,528.46
海口,2009,38.44,66.61,610.29
海口,2010,50.37,78.99,772.03
海口,2011,60.93,99.43,852.1
海口,2012,73.17,113.85,952.15
海口,2013,86.73,132.0,1062.1
海口,2014,100.12,150.92,1119.48
海口,2015,111.5,170.93,1262.06
海口,2016,115.51,200.3,1445.49
海口,2017,125.36,198.32,3790.1
海口,2018,169.88,238.25,1706.5
海口,2019,185.34,265.86,1838.69
海口,2020,186.05,307.08,2034.63
海口,2021,208.32,274.26,2222.01
海口,2022,204.82,332.68,2544.82
海口,2023,266.87,369.54,2875.3
海口,2024,258.26,372.07,3154.84
海口,2025,,,
深圳,2006,500.88,571.42,3744.7
深圳,2007,658.06,727.96,3792.59
深圳,2008,800.36,889.86,4905.93
深圳,2009,880.82,1000.84,5723.76
深圳,2010,1106.82,1265.27,6717.05
深圳,2011,1339.57,1590.56,7427.64
深圳,2012,1482.08,1565.71,8389.06
深圳,2013,1731.26,1690.83,9289.37
深圳,2014,2082.44,2166.14,9974.01
深圳,2015,2726.85,3521.67,9680.24
深圳,2016,3136.49,4211.04,10391.14
深圳,2017,3332.13,4593.8,10837.59
深圳,2018,3538.41,4282.54,13478.94
深圳,2019,3773.38,4552.73,16010.77
深圳,2020,3857.39,4177.72,18674.43
深圳,2021,4257.7,4570.22,20532.31
深圳,2022,4012.44,4997.38,24610.06
深圳,2023,4112.78,5012.07,27342.4
深圳,2024,3914.18,4700.87,30759.06
深圳,2025,,,
石家庄,2006,77.37,128.25,1553.24
石家庄,2007,95.87,163.17,1694.72
石家庄,2008,110.04,193.79,2180.17
石家庄,2009,125.96,240.92,2567.46
石家庄,2010,163.63,305.16,2920.4
石家庄,2011,221.23,403.54,3243.58
石家庄,2012,272.28,464.09,3735.5
石家庄,2013,315.12,522.94,4157.6
石家庄,2014,343.47,566.49,4387.67
石家庄,2015,375.05,682.39,4868.93
石家庄,2016,410.72,746.12,5348.2
石家庄,2017,460.89,806.73,5641.62
石家庄,2018,519.68,991.61,6473.25
石家庄,2019,569.13,1051.39,7630.02
石家庄,2020,632.19,1142.23,8774.58
石家庄,2021,681.36,1152.74,9858.04
石家庄,2022,692.16,1250.43,11671.06
石家庄,2023,737.89,1274.83,13553.97
石家庄,2024,746.08,1274.69,14831.04
石家庄,2025,,,
福州,2006,115.62,110.06,1311.38
福州,2007,146.56,143.09,1375.37
福州,2008,168.86,178.2,1709.9
福州,2009,195.26,205.09,2048.27
福州,2010,247.82,262.42,2329.09
福州,2011,320.04,363.3,2550.77
福州,2012,382.02,410.73,2939.46
福州,2013,453.97,533.84,3296.65
福州,2014,510.87,574.81,3483.72
福州,2015,560.46,725.93,3685.23
福州,2016,598.91,829.93,4087.54
福州,2017,634.16,938.86,4385.3
福州,2018,680.38,924.76,5053.29
福州,2019,668.08,949.76,6027.11
福州,2020,675.61,951.4,6951.54
福州,2021,749.85,925.26,7493.04
福州,2022,698.52,1006.09,9029.08
福州,2023,754.08,1004.9,10414.64
福州,2024,750.5,1025.48,11461.16
福州,2025,,,
西宁,2006,14.16,34.31,272.79
西宁,2007,18.41,45.05,297.09
西宁,2008,23.45,67.25,395.62
西宁,2009,28.15,85.12,480.22
西宁,2010,34.52,108.92,576.11
西宁,2011,45.25,150.04,680.06
西宁,2012,54.77,185.32,823.15
西宁,2013,67.11,207.57,972.5
西宁,2014,83.88,248.14,1093.09
西宁,2015,94.79,280.03,1160.33
西宁,2016,75.22,287.81,1267.18
西宁,2017,79.16,288.37,1339.19
西宁,2018,92.94,297.48,1436.77
西宁,2019,101.79,328.04,1548.93
西宁,2020,133.51,329.51,1723.88
西宁,2021,153.87,343.8,1895.2
西宁,2022,131.72,339.04,2204.27
西宁,2023,144.09,418.75,2512.76
西宁,2024,134.46,400.98,2774.29
西宁,2025,,,
西安,2006,85.89,119.22,1950.53
西安,2007,112.92,161.25,1997.56
西安,2008,145.61,226.99,2504.41
西安,2009,181.4,276.85,3084.2
西安,2010,241.86,371.62,3677.77
西安,2011,318.55,494.58,4155.65
西安,2012,396.96,597.49,4787.03
西安,2013,501.98,729.81,5357.05
西安,2014,583.79,819.54,5687.49
西安,2015,650.99,917.24,6571.18
西安,2016,641.07,942.52,7035.81
西安,2017,654.5,1045.09,7497.3
西安,2018,684.7,1151.87,8360.33
西安,2019,702.56,1247.02,9553.93
西安,2020,724.14,1347.58,10913.05
西安,2021,856.0,1474.62,11996.54
西安,2022,834.08,1569.81,14505.38
西安,2023,951.92,1730.47,16568.71
西安,2024,1002.36,1561.85,18529.91
西安,2025,,,
贵阳,2006,61.58,88.23,582.2
贵阳,2007,75.92,106.43,614.15
贵阳,2008,88.99,142.28,767.05
贵阳,2009,105.36,169.84,921.94
贵阳,2010,136.3,204.38,1088.7
贵阳,2011,187.09,277.38,1251.04
贵阳,2012,241.19,349.33,1498.2
贵阳,2013,277.21,393.6,1827.14
贵阳,2014,331.6,448.63,2010.58
贵阳,2015,374.1,503.52,2250.6
贵阳,2016,366.32,525.26,2229.76
贵阳,2017,377.85,582.48,2646.09
贵阳,2018,411.34,624.22,2835.74
贵阳,2019,417.26,718.82,3164.12
贵阳,2020,398.13,678.16,3634.58
贵阳,2021,403.72,633.41,4008.76
贵阳,2022,402.16,727.45,4646.48
贵阳,2023,446.2,778.61,5195.82
贵阳,2024,434.09,693.05,5664.62
贵阳,2025,,,
郑州,2006,176.03,187.66,1620.72
郑州,2007,219.52,240.68,1658.71
郑州,2008,260.39,289.5,2067.22
郑州,2009,301.92,353.05,2511.17
郑州,2010,386.8,426.8,2911.0
郑州,2011,502.32,566.58,3252.15
郑州,2012,606.65,700.7,3845.46
郑州,2013,723.61,816.16,4475.32
郑州,2014,833.88,918.51,4839.26
郑州,2015,942.9,1106.02,5695.49
郑州,2016,1011.18,1321.53,6297.63
郑州,2017,1056.67,1514.95,6538.23
郑州,2018,1152.06,1763.34,7157.32
郑州,2019,1222.53,1910.67,7957.04
郑州,2020,1259.21,1720.18,8961.78
郑州,2021,1223.63,1624.44,9829.94
郑州,2022,1130.79,1456.41,11393.49
郑州,2023,1165.85,1519.62,12886.07
郑州,2024,1155.04,1525.71,14353.23
郑州,2025,,,
重庆,2006,317.72,594.25,2949.05
重庆,2007,442.7,768.39,3228.19
重庆,2008,577.57,1016.01,3988.96
重庆,2009,655.17,1292.09,4908.7
重庆,2010,952.07,1709.04,5839.66
重庆,2011,1488.33,2570.24,6990.25
重庆,2012,1703.49,3046.36,8361.6
重庆,2013,1693.24,3062.28,9622.31
重庆,2014,1922.02,3304.39,10774.1
重庆,2015,2154.83,3792.0,12207.28
重庆,2016,2227.91,4001.81,13399.44
重庆,2017,2252.38,4336.28,14367.38
重庆,2018,2265.54,4540.95,15907.23
重庆,2019,2134.93,4847.68,17860.4
重庆,2020,2094.85,4893.95,20209.8
重庆,2021,2285.45,4835.06,22239.89
重庆,2022,2103.42,4892.77,25459.0
重庆,2023,2440.77,5304.56,28899.0
重庆,2024,2595.55,5621.21,31881.94
重庆,2025,,,
银川,2006,23.61,36.12,306.38
银川,2007,27.64,48.47,326.41
银川,2008,35.81,63.04,423.15
银川,2009,44.06,72.5,519.4
银川,2010,64.04,119.92,634.45
银川,2011,96.62,147.25,725.26
银川,2012,113.13,186.74,901.47
银川,2013,134.6,220.53,1015.22
银川,2014,153.6,263.9,1089.89
银川,2015,171.28,309.27,1304.97
银川,2016,173.2,331.07,1391.35
银川,2017,177.46,341.83,1496.94
银川,2018,173.25,363.28,1664.8
银川,2019,154.71,346.47,1867.01
银川,2020,157.26,332.36,2137.48
银川,2021,171.19,291.69,2323.5
银川,2022,168.86,356.55,2693.87
银川,2023,197.76,438.15,3114.73
银川,2024,208.44,444.46,3452.75
银川,2025,,,
长春,2006,71.59,146.67,1174.6
长春,2007,93.3,181.56,1202.08
长春,2008,119.03,240.33,1507.39
长春,2009,142.65,306.01,1834.16
长春,2010,180.85,382.93,2062.72
长春,2011,288.63,518.68,2337.78
长春,2012,340.8,555.51,2767.38
长春,2013,381.82,632.97,3107.16
长春,2014,397.32,675.84,3380.11
长春,2015,388.22,765.72,3792.78
长春,2016,415.49,770.57,4218.09
长春,2017,450.08,875.73,4566.99
长春,2018,478.01,894.34,4993.24
长春,2019,420.02,896.02,5889.09
长春,2020,440.43,1084.14,6896.3
长春,2021,617.09,966.49,8257.53
长春,2022,459.69,976.67,9465.28
长春,2023,576.52,1074.97,10750.14
长春,2024,427.48,1056.21,11746.76
长春,2025,,,
长沙,2006,132.83,167.19,1093.04
长沙,2007,174.58,218.17,1177.17
长沙,2008,205.57,260.56,1494.93
长沙,2009,246.33,314.08,1881.32
长沙,2010,314.28,403.33,2172.08
长沙,2011,425.78,520.89,2526.93
长沙,2012,490.65,624.62,2981.31
长沙,2013,536.63,701.82,3482.97
长沙,2014,632.8,802.38,3866.79
长沙,2015,718.95,925.0,4348.55
长沙,2016,743.7,1041.43,4868.64
长沙,2017,800.35,1182.6,5200.21
长沙,2018,879.71,1300.79,5692.08
长沙,2019,950.23,1425.98,6530.52
长沙,2020,1100.09,1501.23,7501.64
长沙,2021,1188.31,1541.59,8245.94
长沙,2022,1202.0,1566.26,9703.39
长沙,2023,1227.07,1626.83,11132.35
长沙,2024,1264.54,1663.94,12423.85
长沙,2025,,,
青岛,2006,225.99,236.79,1567.62
青岛,2007,292.8,321.18,1702.04
青岛,2008,342.44,369.41,2123.36
青岛,2009,377.01,433.58,2527.87
青岛,2010,452.61,532.39,2912.33
青岛,2011,566.14,658.06,3198.51
青岛,2012,670.18,765.98,3757.6
青岛,2013,788.93,1014.23,4140.59
青岛,2014,895.25,1074.71,4435.9
青岛,2015,1006.32,1222.87,5023.59
青岛,2016,1100.03,1352.85,5326.33
青岛,2017,1157.24,1403.03,5394.18
青岛,2018,1231.91,1559.78,5913.71
青岛,2019,1241.74,1575.97,6755.24
青岛,2020,1253.85,1584.65,8030.95
青岛,2021,1368.3,1706.76,9028.24
青岛,2022,1273.31,1696.17,10948.24
青岛,2023,1337.86,1718.8,12758.57
青岛,2024,1339.26,1720.42,14168.14
青岛,2025,,,
