city,year,income,expend,gdp,gap,gap_to_gdp,income_growth,expend_growth
上海,2006,1576.07,1795.57,8730.0,219.5,0.025143184421534938,,
上海,2007,2074.48,2181.68,8745.22,107.19999999999982,0.012258125010005446,31.623595398681537,21.503478004199227
上海,2008,2358.75,2593.92,11464.15,235.17000000000007,0.02051351386714236,13.703193089352506,18.89553005023652
上海,2009,2540.3,2989.65,13707.32,449.3499999999999,0.032781754566173396,7.696873343932165,15.256060325684672
上海,2010,2873.58,3302.89,15650.24,429.30999999999995,0.027431528206596188,13.1197102704405,10.477480641546656
上海,2011,3429.83,3914.88,17288.45,485.0500000000002,0.028056303485853282,19.3573869528602,18.528924669002002
上海,2012,3743.71,4184.02,19506.7,440.3100000000004,0.022572244408331516,9.151473979759928,6.874795651463139
上海,2013,4109.51,4528.61,20486.25,419.09999999999945,0.020457624016108338,9.771055984571465,8.235859293215597
上海,2014,4585.55,4923.44,21269.3,337.8899999999994,0.015886277404521983,11.583862796294442,8.718569274015643
上海,2015,5519.5,6191.56,23384.73,672.0600000000004,0.028739267034513565,20.367240570923872,25.75678793688967
上海,2016,6406.13,6918.94,23639.8,512.8099999999995,0.02169265391416169,16.06359271673159,11.747927824328585
上海,2017,6642.26,7547.62,24338.48,905.3599999999997,0.037198707561030914,3.6860007524043503,9.086362939987925
上海,2018,7108.15,8351.54,27071.74,1243.3900000000012,0.04592944524437665,7.01402835781797,10.651304649677652
上海,2019,7165.1,8179.28,31727.73,1014.1799999999994,0.03196509803884486,0.8011929967713272,-2.0626136018027985
上海,2020,7046.3,8102.11,36733.97,1055.8099999999995,0.028742060822720752,-1.6580368731769268,-0.9434815778405881
上海,2021,7771.8,8430.86,41150.4,659.0600000000004,0.01601588319919127,10.296183812781168,4.057584999463115
上海,2022,7608.0,9393.0,52638.0,1785.0,0.03391086287472928,-2.1076198564039195,11.412121657814268
上海,2023,8312.5,9638.51,58319.93,1326.0100000000002,0.022736824272594294,9.259989484752884,2.6137549238794966
上海,2024,8374.17,9874.84,63910.99,1500.67,0.02348062516321528,0.741894736842097,2.4519349982518035
上海,2025,,,,,,,
乌鲁木齐,2006,57.04,49.53,678.16,-7.509999999999998,-0.011074082812315676,,
乌鲁木齐,2007,73.43,68.32,679.53,-5.110000000000014,-0.007519903462687466,28.734221598877994,37.936604078336345
乌鲁木齐,2008,100.98,99.35,872.22,-1.6300000000000097,-0.0018687945701772598,37.51872531662808,45.418618266978925
乌鲁木齐,2009,113.54,133.88,1040.71,20.33999999999999,0.0195443495306089,12.438106555753613,34.75591343734272
乌鲁木齐,2010,147.99,159.61,1242.85,11.620000000000005,0.009349479019994372,30.34172978685925,19.218703316402763
乌鲁木齐,2011,229.59,238.49,1470.34,8.900000000000006,0.006053021750071416,55.13886073383336,49.420462377044025
乌鲁木齐,2012,252.01,295.6,1715.97,43.59000000000003,0.02540254200248258,9.765233677424966,23.94649670845739
乌鲁木齐,2013,301.9,353.2,1896.3,51.30000000000001,0.02705268153773138,19.796833458989727,19.485791610284164
乌鲁木齐,2014,340.62,404.81,1974.84,64.19,0.03250389905004963,12.825438887048701,14.612117780294454
乌鲁木齐,2015,368.67,446.66,2157.31,77.99000000000001,0.03615150349277573,8.234983265809404,10.3381833452731
乌鲁木齐,2016,369.67,417.56,2295.69,47.889999999999986,0.02086083051283056,0.271245287113131,-6.515022612277798
乌鲁木齐,2017,400.78,458.58,2600.39,57.80000000000001,0.02222743511550191,8.415613925933929,9.823737905929676
乌鲁木齐,2018,458.28,659.79,2871.11,201.51,0.07018539867855986,14.347023304556107,43.876749967290316
乌鲁木齐,2019,472.46,620.28,3171.71,147.82,0.04660577417229191,3.09417823164877,-5.988268994680124
乌鲁木齐,2020,392.64,536.87,3680.28,144.23000000000002,0.03918995293836339,-16.894551919739232,-13.447152898690906
乌鲁木齐,2021,377.93,419.59,4027.86,41.65999999999997,0.010342961274721556,-3.7464343928280353,-21.845139419226257
乌鲁木齐,2022,314.82,455.77,4647.52,140.95,0.030328002891864905,-16.698859577170378,8.622703114945551
乌鲁木齐,2023,369.79,504.05,5306.0,134.26,0.02530343007915567,17.460771234356145,10.593062290190236
乌鲁木齐,2024,371.3,465.52,5905.76,94.21999999999997,0.01595391617674947,0.408339868574048,-7.644082928280927
乌鲁木齐,2025,,,,,,,
兰州,2006,33.14,63.13,687.75,29.990000000000002,0.04360596146855689,,
兰州,2007,46.63,83.3,649.66,36.669999999999995,0.056444909645045095,40.70609535304768,31.94994455884681
兰州,2008,50.86,99.66,823.83,48.8,0.0592355218916524,9.07141325327041,19.63985594237696
兰州,2009,57.04,119.83,1089.97,62.79,0.05760709010339734,12.15100275265435,20.238811960666258
兰州,2010,72.76,146.93,1295.95,74.17,0.05723214630194066,27.55960729312763,22.615371776683645
兰州,2011,86.49,175.48,1480.16,88.99,0.0601218787158145,18.87025838372731,19.4310215748996
兰州,2012,103.73,202.6,1743.18,98.86999999999999,0.056718181713879226,19.932940224303408,15.45475267836791
兰州,2013,124.5,242.34,2021.56,117.84,0.05829161637547241,20.02313699026317,19.61500493583417
兰州,2014,152.33,280.1,2262.94,127.77000000000001,0.05646194773171185,22.353413654618493,15.581414541553196
兰州,2015,185.19,344.0,2608.54,158.81,0.06088079922102019,21.571587999737396,22.813280971081753
兰州,2016,215.48,424.16,2796.24,208.68000000000004,0.07462878722856409,16.356174739456762,23.302325581395355
兰州,2017,234.2,429.36,2949.27,195.16000000000003,0.06617230704547228,8.687581214033791,1.2259524707657565
兰州,2018,253.32,465.64,3244.08,212.32,0.0654484476338438,8.16396242527755,8.449785727594561
兰州,2019,233.23,456.66,3571.18,223.43000000000004,0.06256475450691369,-7.930680562134851,-1.9285284769349653
兰州,2020,247.13,486.24,3859.63,239.11,0.06195153421441952,5.959782189255236,6.477466824333189
兰州,2021,276.73,484.59,4082.97,207.85999999999996,0.05090901965970849,11.977501719742655,-0.3393385982231045
兰州,2022,220.98,498.8,4569.26,277.82000000000005,0.06080196793353848,-20.145990676833026,2.9323758228605667
兰州,2023,255.33,502.92,5130.17,247.59,0.048261558583828607,15.544393157751845,0.8259823576583836
兰州,2024,251.91,547.64,5639.54,295.73,0.05243867407625445,-1.3394430736693774,8.89207030939314
兰州,2025,,,,,,,
北京,2006,1117.15,1296.84,8705.6,179.68999999999983,0.020640736996875554,,
北京,2007,1492.64,1649.5,9155.34,156.8599999999999,0.017133170368331476,33.61142192185471,27.193794145769722
北京,2008,1837.32,1959.29,11952.84,121.97000000000003,0.010204269445587829,23.091971272376455,18.780842679599875
北京,2009,2026.81,2319.37,14672.1,292.55999999999995,0.019939885905903038,10.313391243768088,18.37808593929433
北京,2010,2353.93,2717.32,17003.11,363.3900000000003,0.021371972539141387,16.13964801831449,17.15767643799826
北京,2011,3006.28,3245.23,19126.14,238.94999999999982,0.012493372944044111,27.713228515716292,19.42759778016574
北京,2012,3314.93,3685.31,21644.9,370.3800000000001,0.017111652167485183,10.266841411977579,13.560826197218677
北京,2013,3661.11,4173.66,23086.41,512.5499999999997,0.022201373015553295,10.443056112798764,13.251259731203069
北京,2014,4027.16,4524.67,24158.4,497.5100000000002,0.020593665143386987,9.998333838644546,8.410124447127941
北京,2015,4723.86,5737.7,23913.97,1013.8400000000001,0.04239530282926675,17.300032777441167,26.809247967255057
北京,2016,5081.26,6406.77,28012.03,1325.5100000000002,0.04731931245254272,7.565846574623314,11.660944280809392
北京,2017,5430.79,6824.53,28962.2,1393.7399999999998,0.04812272548356132,6.878805650566977,6.520602425247035
北京,2018,5785.92,7471.43,34018.96,1685.5100000000002,0.04954619423991798,6.539195954916321,9.479041047515357
北京,2019,5817.1,7408.19,37309.68,1591.0899999999992,0.042645501113920015,0.5388944195564349,-0.8464243123471715
北京,2020,5483.89,7116.18,42888.77,1632.29,0.03805868062898517,-5.728111945814929,-3.9417185574343927
北京,2021,5932.31,7205.12,47184.31,1272.8099999999995,0.026975280554065527,8.177042209088814,1.2498278570806098
北京,2022,5714.36,7469.15,56915.76,1754.79,0.03083135497092545,-3.673948259615578,3.664477482678974
北京,2023,6181.1,7971.25,64020.36,1790.1499999999996,0.027962198275673547,8.167843818030374,6.722317800552946
北京,2024,6372.68,8396.49,70398.15,2023.8099999999995,0.02874805658955526,3.0994483182605004,5.334671475615482
北京,2025,,,,,,,
南京,2006,246.44,262.46,1834.88,16.019999999999982,0.008730816184164622,,
南京,2007,330.19,342.94,1951.16,12.75,0.006534574304516288,33.983931180003246,30.66372018593311
南京,2008,386.56,404.67,2505.33,18.110000000000014,0.007228588649000337,17.071988854901733,18.000233276958078
南京,2009,434.51,461.27,3056.35,26.75999999999999,0.008755541740965529,12.404283940397342,13.98670521659624
南京,2010,518.8,542.18,3511.85,23.379999999999995,0.006657459743440066,19.39886308715564,17.540702842153188
南京,2011,635.0,666.21,3910.2,31.210000000000036,0.00798168891616798,22.39784117193524,22.87616658674243
南京,2012,733.02,769.66,4465.37,36.639999999999986,0.008205367080443499,15.436220472440931,15.52813677368996
南京,2013,831.31,850.91,4883.29,19.600000000000023,0.004013687493472643,13.408911080188801,10.556609411948138
南京,2014,903.49,921.2,5055.77,17.710000000000036,0.0035029283373254785,8.68268155080536,8.260568097683674
南京,2015,1020.03,1045.57,5535.53,25.539999999999964,0.004613831015277663,12.898869937686076,13.50086843247935
南京,2016,1142.6,1173.84,5894.47,31.24000000000001,0.005299882771479031,12.016313245688837,12.267949539485645
南京,2017,1271.91,1354.09,6019.7,82.17999999999984,0.013651843115105377,11.31717136355681,15.355585088257339
南京,2018,1470.02,1532.72,6914.84,62.700000000000045,0.009067454923035102,15.57578759503424,13.191885325199948
南京,2019,1580.03,1658.07,8299.64,78.03999999999996,0.009402817471601174,7.483571652086374,8.1782713085234
南京,2020,1637.7,1754.62,9499.25,116.91999999999985,0.012308340132115677,3.6499306975184,5.823035215642269
南京,2021,1729.52,1817.73,10636.78,88.21000000000004,0.008292923234287071,5.60664346339379,3.596790188188903
南京,2022,1558.21,1828.69,13078.05,270.48,0.02068198240563387,-9.905060363569085,0.6029498330335059
南京,2023,1619.98,1838.7,15228.95,218.72000000000003,0.01436211951579065,3.964164008702298,0.5473863804144052
南京,2024,1596.02,1705.26,17091.85,109.24000000000001,0.0063913502634296475,-1.4790306053161117,-7.25730135421766
南京,2025,,,,,,,
南宁,2006,56.62,93.08,681.45,36.46,0.05350355858830435,,
南宁,2007,70.15,118.0,714.79,47.849999999999994,0.06694273842667077,23.896149770399177,26.77266867211001
南宁,2008,191.17,166.08,88.65,-25.089999999999975,-0.28302312464748985,172.51603706343545,40.74576271186441
南宁,2009,120.46,203.55,1116.2,83.09000000000002,0.07444006450456908,-36.98802113302296,22.561416184971094
南宁,2010,156.1,261.28,1375.89,105.17999999999998,0.07644506464906349,29.58658475842604,28.361581920903944
南宁,2011,186.29,302.31,1581.03,116.02000000000001,0.07338254176075092,19.340166559897497,15.703459889773441
南宁,2012,229.72,376.51,1863.8,146.79,0.07875845047751905,23.313113962102094,24.544341900697965
南宁,2013,256.25,418.4,2321.16,162.14999999999998,0.06985731272294886,11.54884206860527,11.125866510849637
南宁,2014,274.85,465.78,2529.86,190.92999999999995,0.07547057939965054,7.25853658536586,11.324091778202682
南宁,2015,297.05,526.72,2700.37,229.67000000000002,0.08505130778374816,8.077132981626335,13.083429945467827
南宁,2016,312.79,586.98,2924.55,274.19,0.09375459472397463,5.298771250631207,11.440613608748485
南宁,2017,332.15,646.37,3176.69,314.22,0.09891427869889728,6.189456184660624,10.117891580633076
南宁,2018,358.96,697.99,3542.83,339.03000000000003,0.09569468475766549,8.07165437302424,7.9861379705122415
南宁,2019,370.93,789.2,3960.31,418.27000000000004,0.10561546949607481,3.334633385335417,13.067522457341795
南宁,2020,372.25,819.86,4415.35,447.61,0.10137588186666968,0.35586229207666964,3.8849467815509353
南宁,2021,392.0,778.0,4878.8,386.0,0.07911781585635812,5.305574210879782,-5.105749762154521
南宁,2022,392.68,838.93,5521.82,446.24999999999994,0.08081574553317565,0.17346938775510967,7.8316195372750474
南宁,2023,400.88,816.48,6117.13,415.6,0.06794035765138227,2.0882143220943172,-2.6760277973132407
南宁,2024,381.16,796.99,6713.22,415.83,0.06194195929822052,-4.919177808820585,-2.3870762296688275
南宁,2025,,,,,,,
南昌,2006,68.11,93.37,733.85,25.260000000000005,0.03442120324316959,,
南昌,2007,87.22,116.86,744.57,29.64,0.039808211450904546,28.057553956834536,25.157973653207666
南昌,2008,102.15,148.17,955.4,46.01999999999998,0.048168306468494855,17.11763357028204,26.79274345370528
南昌,2009,115.88,181.75,1181.82,65.87,0.05573606809835678,13.441018110621616,22.66315718431533
南昌,2010,146.47,232.03,1417.58,85.56,0.060356382003132106,26.397997928891968,27.664374140302606
南昌,2011,187.03,299.37,1603.96,112.34,0.07003915309608719,27.691677476616384,29.022109210015955
南昌,2012,240.02,345.51,1853.57,105.48999999999998,0.0569117972345258,28.332353098433405,15.412365968533926
南昌,2013,291.91,419.37,2051.16,127.45999999999998,0.062140447356617716,21.6190317473544,21.377094729530267
南昌,2014,342.21,473.16,2149.33,130.95000000000005,0.060925962974508356,17.23133842622724,12.82638243078904
南昌,2015,389.34,543.18,2491.39,153.83999999999997,0.06174866239328246,13.772245112650117,14.79837687040324
南昌,2016,402.18,583.26,2722.42,181.07999999999998,0.06651435120223918,3.2978887347819397,7.378769468684432
南昌,2017,417.08,653.12,2869.84,236.04000000000002,0.0822484877205698,3.7048087920831474,11.977505743579187
南昌,2018,461.75,752.41,3132.05,290.65999999999997,0.0928018390511007,10.710175505898146,15.202413032827033
南昌,2019,477.0,834.11,3618.06,357.11,0.09870206685350713,3.302652950730911,10.858441541181008
南昌,2020,483.86,838.17,4278.65,354.30999999999995,0.08280882988793194,1.4381551362683487,0.48674635239955855
南昌,2021,484.83,870.01,4737.98,385.18,0.08129624861227781,0.2004712106807638,3.7987520431416177
南昌,2022,457.68,939.04,5750.37,481.35999999999996,0.08370939609103413,-5.599900996225482,7.934391558717713
南昌,2023,500.18,925.55,6641.74,425.36999999999995,0.06404496412084784,9.285963992309032,-1.4365735218947018
南昌,2024,526.21,940.07,7516.14,413.86,0.0550628381057298,5.20412651445481,1.5687969315542283
南昌,2025,,,,,,,
厦门,2006,136.17,159.13,680.82,22.960000000000008,0.033724038659263836,,
厦门,2007,186.53,198.66,740.0,12.129999999999995,0.016391891891891885,36.983182786223125,24.841324703072964
厦门,2008,220.23,238.09,929.44,17.860000000000014,0.019215871922878307,18.06679890634213,19.847981475888467
厦门,2009,240.56,268.05,1158.1,27.49000000000001,0.023737155686037487,9.231258230032235,12.583476836490416
厦门,2010,289.17,306.95,1384.67,17.779999999999973,0.0128406046205955,20.207016960425683,14.512217869800391
厦门,2011,370.77,389.07,1558.74,18.30000000000001,0.011740251741791455,28.21869488536153,26.753542922300056
厦门,2012,422.91,460.98,1680.19,38.06999999999999,0.022658151756646566,14.062626426086267,18.4825352764284
厦门,2013,490.6,516.74,1950.1,26.139999999999986,0.013404440797907794,16.005769549076643,12.095969456375544
厦门,2014,543.8,548.25,1972.02,4.4500000000000455,0.0022565694059898203,10.843864655523827,6.097844176955536
厦门,2015,606.1,651.17,2050.27,45.069999999999936,0.021982470601432953,11.456417800662022,18.77245782033743
厦门,2016,647.94,758.64,2172.0,110.69999999999993,0.05096685082872925,6.90315129516581,16.50413870417864
厦门,2017,696.87,797.1,2292.06,100.23000000000002,0.043729221748121785,7.551625150476893,5.069598228408734
厦门,2018,754.54,892.5,2610.18,137.96000000000004,0.05285459240358904,8.275575071390652,11.968385397064353
厦门,2019,768.38,912.98,3062.0,144.60000000000002,0.0472240365774004,1.8342301269647754,2.294677871148454
厦门,2020,783.94,976.91,3684.39,192.9699999999999,0.05237502001688201,2.0250396939014648,7.002343972485692
厦门,2021,880.96,1060.0,4197.79,179.03999999999996,0.042651013985930686,12.37594713881165,8.505389442220878
厦门,2022,883.81,1088.74,5213.39,204.93000000000006,0.03930839626423499,0.3235107155829864,2.7113207547169837
厦门,2023,932.14,1084.65,5963.18,152.5100000000001,0.025575280303462265,5.468369898507608,-0.3756636111468259
厦门,2024,933.35,1059.2,6546.18,125.85000000000002,0.019224952567757077,0.129808827000244,-2.3463790162725373
厦门,2025,,,,,,,
合肥,2006,79.4,102.89,624.56,23.489999999999995,0.037610477776354546,,
合肥,2007,169.32,167.08,673.09,-2.2399999999999807,-0.0033279353429704504,113.24937027707804,62.38701525901449
合肥,2008,222.08,222.25,852.83,0.1699999999999875,0.0001993363272867834,31.159933853059307,33.02011012688531
合肥,2009,180.9,245.86,1031.81,64.96000000000001,0.06295732741493106,-18.542867435158506,10.623172103487066
合肥,2010,259.43,317.72,1233.73,58.29000000000002,0.04724696651617454,43.410724156992806,29.228015944033192
合肥,2011,338.51,474.89,1689.54,136.38,0.08072019602968855,30.48221100104074,49.468085106382965
合肥,2012,389.5,572.1,2065.57,182.60000000000002,0.08840174866985868,15.063070514903544,20.470003579776375
合肥,2013,438.62,630.89,2355.77,192.26999999999998,0.0816166264108975,12.61103979460847,10.276175493794781
合肥,2014,500.34,698.79,2539.5,198.45,0.07814530419373893,14.07140577265058,10.762573507267504
合肥,2015,571.54,772.66,3018.54,201.12,0.0666282374922976,14.230323380101527,10.571130096309345
合肥,2016,614.85,859.85,3281.26,245.0,0.07466643911180461,7.577772334394806,11.284394170786637
合肥,2017,655.9,965.34,3489.18,309.44000000000005,0.08868559374982089,6.676425144344145,12.26841891027506
合肥,2018,712.49,1004.91,4003.41,292.41999999999996,0.07304273107176132,8.627839609696597,4.099073901423322
合肥,2019,745.99,1122.67,4667.22,376.68000000000006,0.08070757324488669,4.701820376426347,11.718462349862179
合肥,2020,762.9,1164.35,5589.4,401.44999999999993,0.07182345153325938,2.2667864180484942,3.712578050540216
合肥,2021,844.22,1223.72,6394.14,379.5,0.05935121845940189,10.659326255079304,5.098982264782936
合肥,2022,909.25,1380.18,7958.04,470.93000000000006,0.05917663143186012,7.702968420553891,12.78560455006048
合肥,2023,929.63,1411.34,9387.14,481.7099999999999,0.05131594926676282,2.241407753643121,2.257676534944708
合肥,2024,955.01,1581.06,10785.84,626.05,0.05804369432515223,2.730118434215756,12.025450989839449
合肥,2025,,,,,,,
呼和浩特,2006,45.52,75.5,453.08,29.979999999999997,0.06616932991966099,,
呼和浩特,2007,57.96,100.51,511.38,42.550000000000004,0.08320622628964763,27.328646748681894,33.12582781456954
呼和浩特,2008,82.25,133.18,640.56,50.93000000000001,0.07950855501436245,41.90821256038648,32.5042284349816
呼和浩特,2009,106.79,165.16,775.89,58.36999999999999,0.07522973617394217,29.83586626139818,24.012614506682684
呼和浩特,2010,126.76,177.28,929.81,50.519999999999996,0.054333681074628146,18.700252832662233,7.338338580770176
呼和浩特,2011,151.43,255.67,1053.68,104.23999999999998,0.09892946625161336,19.461975386557274,44.218185920577604
呼和浩特,2012,178.64,275.32,1243.27,96.68,0.07776267423809792,17.968698408505567,7.685688582938943
呼和浩特,2013,182.02,294.84,1414.62,112.81999999999996,0.07975286649418216,1.892073443797604,7.0899317158215736
呼和浩特,2014,211.54,310.91,1480.88,99.37000000000003,0.0671019934093242,16.217998022195346,5.450413783747132
呼和浩特,2015,247.4,360.65,1683.96,113.24999999999997,0.06725219126345042,16.951876713623903,15.998198835675904
呼和浩特,2016,269.65,419.97,1866.01,150.32000000000005,0.08055691019876637,8.993532740501209,16.448079855815912
呼和浩特,2017,201.5,403.04,1953.41,201.54000000000002,0.10317342493383366,-25.27350268867049,-4.03124032669
呼和浩特,2018,204.72,356.74,2174.09,152.02,0.06992350822643037,1.5980148883374623,-11.487693529178244
呼和浩特,2019,203.12,417.92,2391.64,214.8,0.08981284808750482,-0.7815552950371174,17.14974491226102
呼和浩特,2020,217.1,438.57,2623.75,221.47,0.08440971891376846,6.882630957069713,4.941137059724343
呼和浩特,2021,228.92,420.75,2893.1,191.83,0.06630603850540943,5.444495624136336,-4.063205417607218
呼和浩特,2022,230.87,420.98,3372.46,190.11,0.05637131352188018,0.8518259654027638,0.0546642899584171
呼和浩特,2023,238.06,592.97,3903.7,354.91,0.0909163101672772,3.114306752717977,40.85467243099434
呼和浩特,2024,255.12,581.61,3771.45,326.49,0.08656882631348686,7.166260606569774,-1.9157798876840326
呼和浩特,2025,,,,,,,
哈尔滨,2006,118.29,194.68,1563.83,76.39,0.048848020564895164,,
哈尔滨,2007,132.05,232.38,1541.1,100.32999999999998,0.06510284861462591,11.632428776735138,19.3651119786316
哈尔滨,2008,164.01,301.27,1916.76,137.26,0.07161042592708529,24.202953426732286,29.645408382821238
哈尔滨,2009,193.36,348.41,2249.55,155.05,0.06892489609032917,17.89525028961649,15.647093968865144
哈尔滨,2010,238.14,452.97,2580.14,214.83000000000004,0.08326292371731768,23.158874637980944,30.010619672225246
哈尔滨,2011,300.32,557.14,2896.57,256.82,0.08866348819465782,26.11069119005627,22.99710797624566
哈尔滨,2012,354.72,643.58,3320.67,288.86,0.08698846919446979,18.114011720831137,15.514951358724938
哈尔滨,2013,402.28,709.78,3593.56,307.5,0.08556974142632932,13.407758231844813,10.286211504397258
哈尔滨,2014,423.52,740.08,3768.82,316.56000000000006,0.08399445980439502,5.279904544098635,4.268928400349403
哈尔滨,2015,407.73,824.84,4370.42,417.11,0.09543933992613983,-3.728277295050997,11.452815911793323
哈尔滨,2016,376.24,876.29,4671.9,500.04999999999995,0.10703354095764035,-7.723248227994017,6.237573347558301
哈尔滨,2017,368.1,958.47,4938.37,590.37,0.11954754301520543,-2.1635126514990444,9.378173892204632
哈尔滨,2018,384.37,962.17,5394.26,577.8,0.10711385806394202,4.419994566693819,0.3860319050152716
哈尔滨,2019,370.91,1101.14,6291.84,730.23,0.1160598489472078,-3.5018341702005795,14.443393579097275
哈尔滨,2020,339.57,1162.25,7311.39,822.6800000000001,0.11252032787199151,-8.449489094389484,5.549703035036413
哈尔滨,2021,365.81,992.08,8187.2,626.27,0.0764937951924956,7.727419972317939,-14.641428264142819
哈尔滨,2022,,,9645.65,,,,
哈尔滨,2023,313.07,1080.7,11005.59,767.6300000000001,0.06974910022997405,,
哈尔滨,2024,337.84,1257.56,12056.26,919.72,0.07628568063396111,7.911968569329542,16.365318774868133
哈尔滨,2025,,,,,,,
大连,2006,196.14,266.52,1866.49,70.38,0.037707140140048966,,
大连,2007,267.98,344.57,1836.99,76.58999999999997,0.041693204644554394,36.62689915366577,29.28485667116916
大连,2008,339.07,410.0,2388.97,70.93,0.029690619806862377,26.528099111874013,18.988884696868567
大连,2009,400.23,471.16,2930.65,70.93,0.024202821899578595,18.037573362432546,14.91707317073172
大连,2010,500.83,611.47,3374.82,110.64000000000004,0.0327839707006596,25.13554706044023,29.779692673401815
大连,2011,651.13,734.94,3672.21,83.81000000000006,0.022822768850365327,30.010183096060537,20.192323417338542
大连,2012,750.11,890.96,4160.47,140.85000000000002,0.03385434818662315,15.20126549229801,21.22894385936267
大连,2013,850.16,1083.54,4483.77,233.38,0.052049949038420786,13.338043753582806,21.614887312561713
大连,2014,780.86,989.46,4666.71,208.60000000000002,0.04469958493242563,-8.151406794015237,-8.682651309596313
大连,2015,579.91,910.69,5107.89,330.7800000000001,0.06475863810692871,-25.734446635760577,-7.960907970003839
大连,2016,611.9,870.28,5277.66,258.38,0.04895730304718379,5.516373230328853,-4.437294798449532
大连,2017,657.64,919.84,5414.5,262.20000000000005,0.048425524055776166,7.4750776270632535,5.6947189410304855
大连,2018,703.99,1001.49,6039.97,297.5,0.04925521153250761,7.047928958092586,8.876543746738562
大连,2019,692.84,1016.28,6842.29,323.43999999999994,0.04727072369046035,-1.5838293157573236,1.4767995686427282
大连,2020,702.68,1001.98,7843.76,299.30000000000007,0.03815772027701001,1.4202413255585578,-1.4070925335537443
大连,2021,737.6,980.05,8686.07,242.44999999999993,0.0279125081883982,4.969545169920875,-2.1886664404479172
大连,2022,669.77,991.08,10070.22,321.31000000000006,0.03190694940130405,-9.19604121475055,1.1254527830212746
大连,2023,750.24,1013.5,11390.73,263.26,0.02311177597923926,12.014572166564651,2.262178633410006
大连,2024,774.77,1085.14,12401.49,310.3700000000001,0.025026831453317314,3.269620388142447,7.068574247656656
大连,2025,,,,,,,
天津,2006,417.05,543.12,2808.1,126.07,0.044895124817492256,,
天津,2007,540.44,674.33,3083.07,133.89,0.043427492726405816,29.586380529912493,24.15856532626308
天津,2008,675.62,867.72,3978.04,192.10000000000002,0.04829011271882636,25.01295240914809,28.678836771313755
天津,2009,821.99,1124.28,4885.86,302.28999999999996,0.061870376965365355,21.664545158521054,29.56714147420827
天津,2010,1068.81,1376.84,5558.23,308.03,0.0554187214275048,30.027129283811238,22.464154836873362
天津,2011,1455.13,1796.33,6123.08,341.1999999999998,0.05572359008864817,36.144871399032596,30.46759245809245
天津,2012,1760.02,2143.21,7055.4,383.19000000000005,0.05431159112169403,20.952767106718984,19.31048304042131
天津,2013,2079.07,2549.21,7612.31,470.1399999999999,0.06176049057382054,18.127634913239632,18.943547295878616
天津,2014,2390.35,2884.7,7916.9,494.3499999999999,0.06244237011961752,14.972078862183569,13.16054777754676
天津,2015,2667.11,3232.35,8743.79,565.2399999999998,0.06464473643580183,11.578220762649828,12.051513155614103
天津,2016,2723.5,3699.43,9125.38,975.9299999999998,0.1069467792026195,2.114273502030284,14.450167834547623
天津,2017,2310.36,3282.54,9558.05,972.1799999999998,0.1017132155617516,-15.169451073985673,-11.269033337568214
天津,2018,2106.24,3103.16,10746.17,996.9200000000001,0.09276979612271163,-8.834986755310869,-5.464670651385816
天津,2019,2410.41,3555.71,12639.64,1145.3000000000002,0.09061175792981448,14.441374202370106,14.583521313757597
天津,2020,1923.11,3151.35,14865.71,1228.24,0.08262235708889788,-20.216477694666057,-11.372131023058685
天津,2021,2141.06,3152.55,16244.12,1011.4900000000002,0.06226806992314759,11.33320506887281,0.038078918558714925
天津,2022,1846.69,2729.83,19211.25,883.1399999999999,0.045969939488580906,-13.748797324689633,-13.408827774341415
天津,2023,2027.51,3280.42,21996.82,1252.91,0.05695868766485338,9.791573030665667,20.169387837337858
天津,2024,2134.2,3627.18,24069.63,1492.98,0.0620275425920548,5.262119545649591,10.57059766737185
天津,2025,,,,,,,
太原,2006,75.33,95.42,1183.95,20.090000000000003,0.01696862198572575,,
太原,2007,88.42,155.8,1307.24,67.38000000000001,0.051543710412778075,17.37687508296828,63.27813875497801
太原,2008,116.92,152.86,1728.92,35.94000000000001,0.020787543668880002,32.23252657769735,-1.8870346598202858
太原,2009,117.53,159.91,2085.0,42.379999999999995,0.020326139088729014,0.5217242559014679,4.612063325919125
太原,2010,138.48,189.64,2386.79,51.16,0.021434646533628848,17.825236109929364,18.591707835657555
太原,2011,174.72,239.31,2775.57,64.59,0.023270895707908645,26.16984402079723,26.19173170217255
太原,2012,215.67,277.44,3021.5,61.77000000000001,0.02044348833360914,23.4375,15.9333082612511
太原,2013,247.33,319.11,3307.99,71.78,0.02169897732459893,14.67983493299949,15.019463667820077
太原,2014,258.85,322.69,3325.78,63.839999999999975,0.019195496996193367,4.6577447135406125,1.121870201497921
太原,2015,274.24,419.99,3432.12,145.75,0.042466463876554436,5.94552829824222,30.152778208187424
太原,2016,282.69,424.07,3661.76,141.38,0.038609848815869964,3.0812427071178483,0.9714517012309853
太原,2017,311.85,479.06,4384.88,167.20999999999998,0.03813331265621864,10.315186246418339,12.967198811516978
太原,2018,373.23,542.46,4767.46,169.23000000000002,0.0354968893289089,19.68253968253968,13.234250407047131
太原,2019,386.62,610.55,5252.08,223.92999999999995,0.0426364411813986,3.587600139324265,12.552077572539888
太原,2020,378.44,647.34,5896.93,268.90000000000003,0.04559999864336189,-2.115772593244014,6.02571451969538
太原,2021,423.44,628.99,6566.4,205.55,0.03130330165692008,11.89092062149879,-2.834677294775545
太原,2022,437.48,715.9,7761.93,278.41999999999996,0.03586994471735766,3.315699981107123,13.817389783621348
太原,2023,449.24,777.26,8825.19,328.02,0.03716860486856373,2.6881228856176165,8.571029473390146
太原,2024,440.26,744.38,9741.2,304.12,0.031219972898616184,-1.9989315288042042,-4.230244705761265
太原,2025,,,,,,,
宁波,2006,257.38,292.7,1752.04,35.31999999999999,0.020159357092303824,,
宁波,2007,329.12,371.04,1856.08,41.920000000000016,0.02258523339511229,27.87318361955087,26.76460539801846
宁波,2008,390.39,439.41,2365.15,49.02000000000004,0.020725958184470344,18.616310160427794,18.426584734799476
宁波,2009,432.8,506.08,2901.76,73.27999999999997,0.02525363917071018,10.863495478880104,15.172617828451784
宁波,2010,530.93,600.74,3312.17,69.81000000000006,0.021076816709287283,22.673290203327156,18.70455263989883
宁波,2011,657.55,750.72,3696.28,93.17000000000007,0.025206423755776097,23.848718286779814,24.965875420314944
宁波,2012,725.5,828.44,4175.96,102.94000000000005,0.024650619258805174,10.33381491901757,10.352728047740833
宁波,2013,792.81,939.89,4562.36,147.08000000000004,0.03223770154043084,9.277739490006876,13.452995992467764
宁波,2014,860.61,1000.86,4780.31,140.25,0.02933910143902801,8.551859840314835,6.486929321516355
宁波,2015,1006.41,1252.64,5302.84,246.23000000000013,0.046433609160374464,16.94147174678424,25.15636552564795
宁波,2016,1114.54,1289.26,5689.44,174.72000000000003,0.0307095250147642,10.744130125893037,2.9234257248690776
宁波,2017,1245.29,1410.6,5902.68,165.30999999999995,0.028005922733402445,11.731297216788983,9.411600452973023
宁波,2018,1379.69,1594.1,6561.26,214.40999999999985,0.032678174618899394,10.792666768383285,13.008648801928269
宁波,2019,1468.51,1767.89,7475.47,299.3800000000001,0.04004831803217725,6.437678029122473,10.902076406749895
宁波,2020,1510.84,1742.09,8522.07,231.25,0.027135426017387797,2.8825135681745495,-1.4593668158086825
宁波,2021,1723.14,1944.42,9387.31,221.27999999999997,0.02357224806680508,14.051785761563117,11.614210517252266
宁波,2022,1680.23,2187.81,11749.75,507.5799999999999,0.04319921700461711,-2.4902213401116646,12.517357361063963
宁波,2023,1785.86,2235.09,14282.01,449.23000000000025,0.03145425608860379,6.286639329139465,2.161065174763821
宁波,2024,1790.47,2230.37,16255.52,439.89999999999986,0.02706157662135692,0.2581389358628394,-0.21117717854762796
宁波,2025,,,,,,,
广州,2006,427.08,506.79,5562.36,79.71000000000004,0.014330248311867633,,
广州,2007,523.79,623.69,5855.79,99.90000000000009,0.017060038013658293,22.644469420249138,23.066753487637893
广州,2008,621.84,713.35,7111.27,91.50999999999999,0.01286830622378281,18.71933408427042,14.375731533293767
广州,2009,702.65,789.92,8214.21,87.26999999999998,0.01062427184111436,12.995304258330108,10.73386135837946
广州,2010,872.65,977.32,9302.33,104.67000000000007,0.011252019655290671,24.194122251476546,23.723921409763026
广州,2011,979.48,1181.25,10032.62,201.76999999999998,0.020111396624211818,12.2420214289807,20.866246469938197
广州,2012,1102.4,1343.65,11310.69,241.25,0.021329379551556976,12.549516069751299,13.748148148148154
广州,2013,1141.8,1386.13,12496.69,244.33000000000015,0.01955157725765784,3.574020319303317,3.161537602798359
广州,2014,1243.1,1436.22,12825.64,193.12000000000012,0.01505733826927936,8.871956559817828,3.6136581705900506
广州,2015,1349.47,1727.72,13602.38,378.25,0.027807633664108784,8.556833722146262,20.29633343081143
广州,2016,1393.64,1943.75,13995.79,550.1099999999999,0.039305391121187146,3.2731368611380818,12.503762183687162
广州,2017,1536.74,2186.01,14625.63,649.2700000000002,0.044392617617155655,10.268074969145546,12.463536977491962
广州,2018,1634.22,2506.18,16042.06,871.9599999999998,0.05435461530501692,6.34329815063055,14.646319092776316
广州,2019,1699.04,2865.33,17980.56,1166.29,0.06486394194619077,3.9664182301036632,14.330574819047314
广州,2020,1722.79,2952.65,20774.13,1229.8600000000001,0.0592015165015334,1.3978481966286926,3.0474674819305436
广州,2021,1884.26,3021.18,22768.53,1136.9199999999998,0.04993383411225933,9.37258748889882,2.3209659119773685
广州,2022,1855.1,3022.45,26479.87,1167.35,0.044084430928097454,-1.5475571311814762,0.04203655525325534
广州,2023,1945.06,2971.65,29714.95,1026.5900000000001,0.03454792957753589,4.849334267694472,-1.6807556783404065
广州,2024,1954.74,2782.5,32394.04,827.76,0.0255528486104234,0.4976710230018666,-6.365150673868058
广州,2025,,,,,,,
成都,2006,186.77,252.24,2411.45,65.47,0.0271496402579361,,
成都,2007,286.38,356.05,2466.4,69.67000000000002,0.028247648394421024,53.33297638807088,41.15524896923566
成都,2008,354.69,506.43,3264.79,151.74,0.04647772138483639,23.852922690131994,42.235641061648636
成都,2009,387.36,600.97,4233.71,213.61,0.05045456585358941,9.210860187769597,18.667930414864852
成都,2010,526.94,777.38,5071.37,250.43999999999994,0.04938310555135988,36.03366377529946,29.354210692713444
成都,2011,680.69,857.87,5944.77,177.17999999999995,0.02980434903284735,29.177895016510426,10.354009622063852
成都,2012,780.9,983.85,7060.03,202.95000000000005,0.02874633677194007,14.721826382053482,14.6852087146071
成都,2013,898.54,1161.75,8151.59,263.21000000000004,0.03228940611586206,15.064668971699312,18.08202469888702
成都,2014,1025.17,1340.0,8976.94,314.8299999999999,0.0350709707316747,14.092861753511254,15.343232192812572
成都,2015,1157.64,1468.42,9922.18,310.78,0.03132174582601807,12.921759317966774,9.583582089552234
成都,2016,1175.41,1595.89,10808.0,420.48,0.03890451517394523,1.535019522476766,8.680758910938291
成都,2017,1275.53,1756.66,11970.84,481.1300000000001,0.0401918328204203,8.517878867799311,10.074002594163755
成都,2018,1424.16,1837.42,13141.47,413.26,0.03144701467948411,11.652411154578889,4.597360900800385
成都,2019,1482.96,2006.95,14900.55,523.99,0.03516581602692518,4.12874957869902,9.226524147990123
成都,2020,1520.38,2159.48,17084.99,639.0999999999999,0.03740710413058479,2.5233317149484957,7.600089688333034
成都,2021,1697.63,2237.69,19020.46,540.06,0.028393635064556798,11.658269643115538,3.621705225332028
成都,2022,1722.43,2435.01,22402.78,712.5800000000002,0.03180765958510507,1.4608601403132582,8.818022156777761
成都,2023,1929.06,2586.83,25768.94,657.77,0.02552569100630449,11.99642365727489,6.2348819922710685
成都,2024,1949.5,2610.39,28991.89,660.8899999999999,0.022795685276123766,1.0595834240511026,0.9107672324814464
成都,2025,,,,,,,
拉萨,2006,3.9,15.69,,11.79,,,
拉萨,2007,5.75,24.62,90.47,18.87,0.208577428981983,47.435897435897445,56.91523263224985
拉萨,2008,8.03,33.02,104.45,24.990000000000002,0.2392532312111058,39.65217391304348,34.11860276198213
拉萨,2009,10.05,37.73,127.3,27.679999999999996,0.217439120188531,25.155666251556674,14.264082374318576
拉萨,2010,15.02,51.35,,36.33,,49.45273631840794,36.098595282268775
拉萨,2011,23.43,75.63,178.3,52.199999999999996,0.29276500280426243,55.99201065246338,47.283349561830555
拉萨,2012,34.36,106.9,,72.54,,46.649594536918485,41.34602670897793
拉萨,2013,50.16,131.92,,81.75999999999999,,45.9837019790454,23.40505144995322
拉萨,2014,64.79,169.49,559.28,104.7,0.18720497782863682,29.166666666666696,28.47938144329898
拉萨,2015,62.42,200.4,341.19,137.98000000000002,0.4044081010580615,-3.657971909245261,18.237064133577196
拉萨,2016,70.79,248.11,408.87,177.32,0.43368307775087434,13.409163729573859,23.807385229540913
拉萨,2017,89.63,257.47,442.69,167.84000000000003,0.37913664189387614,26.613928520977524,3.7725202531135427
拉萨,2018,110.1,300.12,461.42,190.02,0.41181569936283646,22.83833537877942,16.565036703305225
拉萨,2019,117.04,365.41,471.78,248.37,0.5264530077578533,6.303360581289752,21.75463148074104
拉萨,2020,107.26,349.66,530.61,242.40000000000003,0.4568327019845084,-8.356117566643883,-4.31022686844914
拉萨,2021,106.94,318.38,557.07,211.44,0.3795573267273412,-0.2983404810740331,-8.945833095006584
拉萨,2022,72.47,355.33,631.68,282.86,0.44779002026342457,-32.23302786609313,11.605628494252151
拉萨,2023,109.14,452.12,717.53,342.98,0.47800091982216775,50.600248378639435,27.239467537218932
拉萨,2024,120.64,465.35,792.11,344.71000000000004,0.43517945739859365,10.536925050393986,2.9262142793948565
拉萨,2025,,,,,,,
数据来源：国家统计局,2006,,,,,,,
数据来源：国家统计局,2007,,,,,,,
数据来源：国家统计局,2008,,,,,,,
数据来源：国家统计局,2009,,,,,,,
数据来源：国家统计局,2010,,,,,,,
数据来源：国家统计局,2011,,,,,,,
数据来源：国家统计局,2012,,,,,,,
数据来源：国家统计局,2013,,,,,,,
数据来源：国家统计局,2014,,,,,,,
数据来源：国家统计局,2015,,,,,,,
数据来源：国家统计局,2016,,,,,,,
数据来源：国家统计局,2017,,,,,,,
数据来源：国家统计局,2018,,,,,,,
数据来源：国家统计局,2019,,,,,,,
数据来源：国家统计局,2020,,,,,,,
数据来源：国家统计局,2021,,,,,,,
数据来源：国家统计局,2022,,,,,,,
数据来源：国家统计局,2023,,,,,,,
数据来源：国家统计局,2024,,,,,,,
数据来源：国家统计局,2025,,,,,,,
昆明,2006,103.72,133.68,1156.07,29.960000000000008,0.025915385746537848,,
昆明,2007,133.1,164.65,1212.17,31.55000000000001,0.026027702384979014,28.326263015811804,23.167265110712144
昆明,2008,174.99,233.49,1547.11,58.5,0.03781243738325006,31.47257700976711,41.80989978742788
昆明,2009,,,,,,,
昆明,2010,253.83,346.31,2341.54,92.47999999999999,0.03949537483878131,,
昆明,2011,317.69,441.73,2615.65,124.04000000000002,0.04742224686024507,25.15857069692313,27.55334815627617
昆明,2012,378.4,525.54,2967.02,147.14,0.04959184636436559,19.10982404230539,18.973128381590556
昆明,2013,450.75,585.76,3355.28,135.01,0.04023807253045945,19.11997885835095,11.458690109221003
昆明,2014,477.97,593.66,3495.8,115.68999999999994,0.033093998512500694,6.038824181919034,1.3486752253482726
昆明,2015,502.22,615.49,3429.53,113.26999999999998,0.033027849297134,5.073540180346048,3.6771889633797183
昆明,2016,530.0,688.4,3540.71,158.39999999999998,0.04473679007882599,5.53144040460356,11.845846398804195
昆明,2017,560.86,775.9,4431.4,215.03999999999996,0.048526425057543884,5.822641509433968,12.710633352701928
昆明,2018,595.63,756.8,4882.51,161.16999999999996,0.03300966101451916,6.199408051920252,-2.461657430081199
昆明,2019,630.03,820.86,5355.45,190.83000000000004,0.03563285998375487,5.775397478300293,8.464587737843555
昆明,2020,650.47,875.05,5962.79,224.57999999999993,0.03766357694971648,3.244289954446633,6.6016129425236825
昆明,2021,689.12,928.16,6495.44,239.03999999999996,0.03680120207407042,5.941857426168773,6.069367464716313
昆明,2022,505.25,863.32,7391.22,358.07000000000005,0.04844531755244737,-26.681855119572784,-6.985864506119621
昆明,2023,558.0,837.79,8288.85,279.78999999999996,0.033754984105153304,10.440376051459666,-2.957188528008159
昆明,2024,547.22,842.85,9095.97,295.63,0.032501206578297866,-1.9318996415770506,0.6039699686078981
昆明,2025,,,,,,,
杭州,2006,301.39,275.48,2473.69,-25.909999999999968,-0.01047423080499172,,
杭州,2007,391.62,335.72,2578.78,-55.89999999999998,-0.021676916991755783,29.937954145791167,21.867286191375058
杭州,2008,455.35,419.67,3420.65,-35.68000000000001,-0.010430766082469707,16.273428323374706,25.00595734540687
杭州,2009,520.79,490.4,4286.92,-30.389999999999986,-0.007089005626417098,14.371362688042154,16.853718397788732
杭州,2010,671.34,616.58,4990.97,-54.75999999999999,-0.010971815098067108,28.90800514602816,25.73001631321372
杭州,2011,785.15,747.51,5519.17,-37.639999999999986,-0.006819866030580683,16.952661840498106,21.234876252878763
杭州,2012,859.99,786.28,6022.08,-73.71000000000004,-0.01223995695839312,9.53193657262943,5.186552688258339
杭州,2013,945.2,855.74,6339.75,-89.46000000000004,-0.014110966520761865,9.908254747148227,8.834003154092684
杭州,2014,1027.32,961.18,6694.55,-66.13999999999999,-0.009879678245737203,8.688108336859912,12.321499520882506
杭州,2015,1233.88,1205.48,7507.09,-28.40000000000009,-0.003783090385222515,20.10668535607212,25.416675336565486
杭州,2016,1402.38,1404.31,8313.13,1.9299999999998363,0.00023216285562716288,13.656109184037346,16.49384477552509
杭州,2017,1567.42,1540.92,8502.96,-26.5,-0.0031165617620216965,11.768564868295318,9.727909079904018
杭州,2018,1825.06,1717.08,9981.24,-107.98000000000002,-0.010818295121648214,16.437202536652574,11.4321314539366
杭州,2019,1965.97,1952.85,11677.34,-13.120000000000118,-0.0011235435467323994,7.720842054507804,13.730868684045006
杭州,2020,2093.39,2069.66,14193.63,-23.730000000000018,-0.0016718767503450505,6.4812789615304345,5.981514197198967
杭州,2021,2386.59,2392.04,15623.01,5.449999999999818,0.0003488444288264437,14.00599028370253,15.576471497733934
杭州,2022,2450.61,2542.09,19598.76,91.48000000000002,0.004667642238590606,2.682488403957106,6.272888413237254
杭州,2023,2616.81,2636.23,23199.39,19.420000000000073,0.0008370909752368521,6.7819848935571025,3.703252048511252
杭州,2024,2640.33,2690.35,25545.54,50.01999999999998,0.0019580717416817174,0.8988042693202747,2.0529316486042504
杭州,2025,,,,,,,
武汉,2006,178.6,257.81,1887.73,79.21000000000001,0.041960449852468315,,
武汉,2007,221.68,307.23,1949.07,85.55000000000001,0.043892728326843065,24.12094064949608,19.16915557969048
武汉,2008,277.32,377.88,2428.02,100.56,0.04141646279684681,25.099242150848067,22.9958011912899
武汉,2009,316.07,503.64,3010.11,187.57,0.06231333738634136,13.973027549401419,33.28040647824706
武汉,2010,390.19,583.55,3590.56,193.35999999999996,0.05385232387148522,23.450501471193096,15.866491938686366
武汉,2011,673.26,765.04,4036.23,91.77999999999997,0.02273904113492045,72.54670801404444,31.101019621283534
武汉,2012,828.58,885.55,4622.96,56.969999999999914,0.01232327340059181,23.069839289427563,15.752117536337963
武汉,2013,978.52,1122.88,5117.43,144.36000000000013,0.02820947233279207,18.096019696347952,26.800293602845706
武汉,2014,1101.02,1175.1,5352.13,74.07999999999993,0.01384121835605636,12.518906103094473,4.650541464804769
武汉,2015,1245.63,1338.05,6059.03,92.41999999999985,0.015253266611982421,13.1341846651287,13.86690494426006
武汉,2016,1322.1,1524.68,6464.88,202.58000000000015,0.03133546175644407,6.139062161315945,13.947909270954018
武汉,2017,1402.93,1728.28,6879.71,325.3499999999999,0.04729123756669974,6.113758414643389,13.35362174357897
武汉,2018,1528.7,1929.31,7728.5,400.6099999999999,0.0518354143753639,8.964809363261184,11.63179577383293
武汉,2019,1564.12,2237.1,8992.96,672.98,0.07483409244564639,2.317001373716221,15.953371930897564
武汉,2020,1230.29,2407.81,10213.24,1177.52,0.11529348179422005,-21.3429915863233,7.630861383040544
武汉,2021,1578.65,2215.97,11498.18,637.3199999999997,0.055427902502830854,28.315275260304485,-7.967406066093263
武汉,2022,1504.74,2223.15,13923.74,718.4100000000001,0.05159605106099368,-4.681848414784784,0.3240116066553389
武汉,2023,1601.2,2204.08,16208.08,602.8799999999999,0.037196262604824254,6.410409771787817,-0.8577918718934874
武汉,2024,1667.31,2481.0,18248.58,813.69,0.04458922283268068,4.128778416187862,12.563972269609103
武汉,2025,,,,,,,
沈阳,2006,175.63,268.76,1921.98,93.13,0.04845523886825045,,
沈阳,2007,230.81,339.68,1967.83,108.87,0.055324901033117706,31.418322610032455,26.387855335615427
沈阳,2008,291.04,406.74,2471.78,115.69999999999999,0.04680837291344698,26.095056540011274,19.742110221384834
沈阳,2009,320.21,475.88,2948.54,155.67000000000002,0.05279562088355594,10.02267729521713,16.998574027634362
沈阳,2010,465.35,516.62,3338.23,51.26999999999998,0.015358438453911199,45.32650448143407,8.5609817601076
沈阳,2011,620.12,639.29,3729.47,19.16999999999996,0.0051401405561648066,33.25883743418932,23.7447253300298
沈阳,2012,715.04,766.09,4318.84,51.05000000000007,0.011820303600040768,15.306714829387857,19.834503902767153
沈阳,2013,801.0,881.28,4765.48,80.27999999999997,0.01684615190914661,12.021705079436117,15.036092365126796
沈阳,2014,785.5,914.37,5147.63,128.87,0.025034821850055268,-1.9350811485642994,3.7547657952069713
沈阳,2015,606.24,808.58,5769.3,202.34000000000003,0.03507184580451702,-22.821133036282625,-11.569714666929142
沈阳,2016,620.95,825.39,6145.55,204.43999999999994,0.03326634719431132,2.42643177619426,2.0789532266442423
沈阳,2017,656.24,855.02,6495.25,198.77999999999997,0.03060390285208421,5.683227312988159,3.5898181465731316
沈阳,2018,720.64,965.44,7288.14,244.80000000000007,0.033588816899785136,9.81348287211996,12.914317793735819
沈阳,2019,730.29,1047.65,8337.61,317.3600000000001,0.038063665726749046,1.3390874777975181,8.51528836592641
沈阳,2020,736.08,1074.05,10329.86,337.9699999999999,0.03271777158644937,0.7928357227950711,2.519925547654256
沈阳,2021,773.02,1032.5,11057.27,259.48,0.023466913623344642,5.018476252581228,-3.8685349844048145
沈阳,2022,713.67,1053.59,12473.97,339.91999999999996,0.027250346120761874,-7.6776797495537,2.042615012106519
沈阳,2023,800.85,1084.06,13894.74,283.2099999999999,0.020382533246393955,12.215729959224863,2.8920168186865824
沈阳,2024,825.58,1160.69,15132.0,335.11,0.022145783769495112,3.0879690329025378,7.06879693005924
沈阳,2025,,,,,,,
注：住户存款余额为年末金融机构人民币各项存款余额的其中项。,2006,,,,,,,
注：住户存款余额为年末金融机构人民币各项存款余额的其中项。,2007,,,,,,,
注：住户存款余额为年末金融机构人民币各项存款余额的其中项。,2008,,,,,,,
注：住户存款余额为年末金融机构人民币各项存款余额的其中项。,2009,,,,,,,
注：住户存款余额为年末金融机构人民币各项存款余额的其中项。,2010,,,,,,,
注：住户存款余额为年末金融机构人民币各项存款余额的其中项。,2011,,,,,,,
注：住户存款余额为年末金融机构人民币各项存款余额的其中项。,2012,,,,,,,
注：住户存款余额为年末金融机构人民币各项存款余额的其中项。,2013,,,,,,,
注：住户存款余额为年末金融机构人民币各项存款余额的其中项。,2014,,,,,,,
注：住户存款余额为年末金融机构人民币各项存款余额的其中项。,2015,,,,,,,
注：住户存款余额为年末金融机构人民币各项存款余额的其中项。,2016,,,,,,,
注：住户存款余额为年末金融机构人民币各项存款余额的其中项。,2017,,,,,,,
注：住户存款余额为年末金融机构人民币各项存款余额的其中项。,2018,,,,,,,
注：住户存款余额为年末金融机构人民币各项存款余额的其中项。,2019,,,,,,,
注：住户存款余额为年末金融机构人民币各项存款余额的其中项。,2020,,,,,,,
注：住户存款余额为年末金融机构人民币各项存款余额的其中项。,2021,,,,,,,
注：住户存款余额为年末金融机构人民币各项存款余额的其中项。,2022,,,,,,,
注：住户存款余额为年末金融机构人民币各项存款余额的其中项。,2023,,,,,,,
注：住户存款余额为年末金融机构人民币各项存款余额的其中项。,2024,,,,,,,
注：住户存款余额为年末金融机构人民币各项存款余额的其中项。,2025,,,,,,,
注：地方财政支出均为本级支出，2000年以前不包括国内外债务还本付息支出和利用国外借款收入安排的基本建设支出。,2006,,,,,,,
注：地方财政支出均为本级支出，2000年以前不包括国内外债务还本付息支出和利用国外借款收入安排的基本建设支出。,2007,,,,,,,
注：地方财政支出均为本级支出，2000年以前不包括国内外债务还本付息支出和利用国外借款收入安排的基本建设支出。,2008,,,,,,,
注：地方财政支出均为本级支出，2000年以前不包括国内外债务还本付息支出和利用国外借款收入安排的基本建设支出。,2009,,,,,,,
注：地方财政支出均为本级支出，2000年以前不包括国内外债务还本付息支出和利用国外借款收入安排的基本建设支出。,2010,,,,,,,
注：地方财政支出均为本级支出，2000年以前不包括国内外债务还本付息支出和利用国外借款收入安排的基本建设支出。,2011,,,,,,,
注：地方财政支出均为本级支出，2000年以前不包括国内外债务还本付息支出和利用国外借款收入安排的基本建设支出。,2012,,,,,,,
注：地方财政支出均为本级支出，2000年以前不包括国内外债务还本付息支出和利用国外借款收入安排的基本建设支出。,2013,,,,,,,
注：地方财政支出均为本级支出，2000年以前不包括国内外债务还本付息支出和利用国外借款收入安排的基本建设支出。,2014,,,,,,,
注：地方财政支出均为本级支出，2000年以前不包括国内外债务还本付息支出和利用国外借款收入安排的基本建设支出。,2015,,,,,,,
注：地方财政支出均为本级支出，2000年以前不包括国内外债务还本付息支出和利用国外借款收入安排的基本建设支出。,2016,,,,,,,
注：地方财政支出均为本级支出，2000年以前不包括国内外债务还本付息支出和利用国外借款收入安排的基本建设支出。,2017,,,,,,,
注：地方财政支出均为本级支出，2000年以前不包括国内外债务还本付息支出和利用国外借款收入安排的基本建设支出。,2018,,,,,,,
注：地方财政支出均为本级支出，2000年以前不包括国内外债务还本付息支出和利用国外借款收入安排的基本建设支出。,2019,,,,,,,
注：地方财政支出均为本级支出，2000年以前不包括国内外债务还本付息支出和利用国外借款收入安排的基本建设支出。,2020,,,,,,,
注：地方财政支出均为本级支出，2000年以前不包括国内外债务还本付息支出和利用国外借款收入安排的基本建设支出。,2021,,,,,,,
注：地方财政支出均为本级支出，2000年以前不包括国内外债务还本付息支出和利用国外借款收入安排的基本建设支出。,2022,,,,,,,
注：地方财政支出均为本级支出，2000年以前不包括国内外债务还本付息支出和利用国外借款收入安排的基本建设支出。,2023,,,,,,,
注：地方财政支出均为本级支出，2000年以前不包括国内外债务还本付息支出和利用国外借款收入安排的基本建设支出。,2024,,,,,,,
注：地方财政支出均为本级支出，2000年以前不包括国内外债务还本付息支出和利用国外借款收入安排的基本建设支出。,2025,,,,,,,
注：地方财政收入均为本级收入，不包括国内外债务收入。,2006,,,,,,,
注：地方财政收入均为本级收入，不包括国内外债务收入。,2007,,,,,,,
注：地方财政收入均为本级收入，不包括国内外债务收入。,2008,,,,,,,
注：地方财政收入均为本级收入，不包括国内外债务收入。,2009,,,,,,,
注：地方财政收入均为本级收入，不包括国内外债务收入。,2010,,,,,,,
注：地方财政收入均为本级收入，不包括国内外债务收入。,2011,,,,,,,
注：地方财政收入均为本级收入，不包括国内外债务收入。,2012,,,,,,,
注：地方财政收入均为本级收入，不包括国内外债务收入。,2013,,,,,,,
注：地方财政收入均为本级收入，不包括国内外债务收入。,2014,,,,,,,
注：地方财政收入均为本级收入，不包括国内外债务收入。,2015,,,,,,,
注：地方财政收入均为本级收入，不包括国内外债务收入。,2016,,,,,,,
注：地方财政收入均为本级收入，不包括国内外债务收入。,2017,,,,,,,
注：地方财政收入均为本级收入，不包括国内外债务收入。,2018,,,,,,,
注：地方财政收入均为本级收入，不包括国内外债务收入。,2019,,,,,,,
注：地方财政收入均为本级收入，不包括国内外债务收入。,2020,,,,,,,
注：地方财政收入均为本级收入，不包括国内外债务收入。,2021,,,,,,,
注：地方财政收入均为本级收入，不包括国内外债务收入。,2022,,,,,,,
注：地方财政收入均为本级收入，不包括国内外债务收入。,2023,,,,,,,
注：地方财政收入均为本级收入，不包括国内外债务收入。,2024,,,,,,,
注：地方财政收入均为本级收入，不包括国内外债务收入。,2025,,,,,,,
济南,2006,128.44,146.98,1182.57,18.539999999999992,0.015677718866536437,,
济南,2007,157.02,179.98,1266.66,22.95999999999998,0.018126411191637833,22.251635004671442,22.45203429037965
济南,2008,186.02,221.32,1588.53,35.29999999999998,0.02222180254700886,18.468984842695193,22.96921880208913
济南,2009,210.19,259.92,1911.53,49.73000000000002,0.026015809325514127,12.993226534781188,17.44080968733057
济南,2010,266.13,336.8,2187.68,70.67000000000002,0.03230362758721569,26.614015890384877,29.57833179439828
济南,2011,325.42,396.88,2427.48,71.45999999999998,0.029437935636956836,22.278585653627925,17.83847980997624
济南,2012,380.82,465.67,2888.74,84.85000000000002,0.029372667668256757,17.024153401757715,17.3326950211651
济南,2013,482.07,519.32,3267.78,37.25000000000006,0.011399176199132149,26.587364109027888,11.521034208774461
济南,2014,543.13,571.41,3541.36,28.279999999999973,0.007985632638308439,12.666210301408508,10.030424401139925
济南,2015,614.32,658.18,3951.42,43.8599999999999,0.011099807157933073,13.107359195772661,15.185243520414415
济南,2016,641.22,741.26,4279.95,100.03999999999996,0.02337410483767333,4.37882536788643,12.622686803002225
济南,2017,677.21,834.06,4465.73,156.8499999999999,0.035123036995071334,5.612738217772373,12.519224023959197
济南,2018,752.82,1018.25,5008.08,265.42999999999995,0.05300035143208574,11.164926684484877,22.083543150372886
济南,2019,874.19,1197.32,6438.09,323.1299999999999,0.0501903514862327,16.12204776706252,17.58605450527866
济南,2020,906.08,1288.8,7584.12,382.7199999999999,0.050463336550581994,3.647948386506372,7.640396886379586
济南,2021,1007.61,1293.08,8558.43,285.4699999999999,0.03335541682294532,11.205412325622465,0.3320918684047047
济南,2022,1001.14,1225.57,10226.27,224.42999999999995,0.02194641839106536,-0.642113516142162,-5.220868005073154
济南,2023,1060.82,1365.29,11806.38,304.47,0.025788599045600772,5.961204227181005,11.400409605326512
济南,2024,1083.05,1397.15,13283.87,314.10000000000014,0.023645217846907575,2.0955487264568973,2.333570157255971
济南,2025,,,,,,,
海口,2006,21.13,32.25,406.96,11.120000000000001,0.02732455278160016,,
海口,2007,44.85,43.21,430.95,-1.6400000000000006,-0.003805545886993852,112.25745385707526,33.984496124031004
海口,2008,31.03,46.79,528.46,15.759999999999998,0.029822503122279825,-30.813823857302115,8.285119185373757
海口,2009,38.44,66.61,610.29,28.17,0.04615838371921546,23.880116016757967,42.35947852105151
海口,2010,50.37,78.99,772.03,28.619999999999997,0.03707109827338316,31.03537981269511,18.585797928239
海口,2011,60.93,99.43,852.1,38.50000000000001,0.045182490318037796,20.964860035735565,25.876693252310435
海口,2012,73.17,113.85,952.15,40.67999999999999,0.04272436065745943,20.08862629246677,14.502665191592069
海口,2013,86.73,132.0,1062.1,45.269999999999996,0.042623105169004805,18.532185321853213,15.94202898550725
海口,2014,100.12,150.92,1119.48,50.79999999999998,0.04537821131239502,15.438717860025374,14.333333333333332
海口,2015,111.5,170.93,1262.06,59.43000000000001,0.047089678779138874,11.366360367558915,13.2586800954148
海口,2016,115.51,200.3,1445.49,84.79,0.058658309638945964,3.5964125560538074,17.18247235710526
海口,2017,125.36,198.32,3790.1,72.96,0.019250151711036646,8.527400225088734,-0.9885172241637652
海口,2018,169.88,238.25,1706.5,68.37,0.04006445941986522,35.513720485003184,20.134126663977426
海口,2019,185.34,265.86,1838.69,80.52000000000001,0.04379204759910589,9.100541558747356,11.588667366211958
海口,2020,186.05,307.08,2034.63,121.02999999999997,0.059485016931825424,0.3830797453329149,15.504400812457675
海口,2021,208.32,274.26,2222.01,65.94,0.02967583404215102,11.9699005643644,-10.687768659632669
海口,2022,204.82,332.68,2544.82,127.86000000000001,0.050243239207488154,-1.6801075268817245,21.30095529789251
海口,2023,266.87,369.54,2875.3,102.67000000000002,0.03570757833965152,30.294893076847963,11.079716243837922
海口,2024,258.26,372.07,3154.84,113.81,0.036074729621787475,-3.226289953910144,0.6846349515613914
海口,2025,,,,,,,
深圳,2006,500.88,571.42,3744.7,70.53999999999996,0.01883729003658503,,
深圳,2007,658.06,727.96,3792.59,69.90000000000009,0.018430676661595397,31.380769845072653,27.39491092366386
深圳,2008,800.36,889.86,4905.93,89.5,0.018243228093348253,21.624168008996158,22.24023297983406
深圳,2009,880.82,1000.84,5723.76,120.01999999999998,0.020968733839294446,10.052976160727667,12.471624749960665
深圳,2010,1106.82,1265.27,6717.05,158.45000000000005,0.023589224436322498,25.657909675075487,26.42080652252108
深圳,2011,1339.57,1590.56,7427.64,250.99,0.033791352300326885,21.028712889178003,25.709137180206596
深圳,2012,1482.08,1565.71,8389.06,83.63000000000011,0.00996893573296652,10.63848847018074,-1.5623428226536507
深圳,2013,1731.26,1690.83,9289.37,-40.430000000000064,-0.004352286538269017,16.812857605527377,7.991262749806793
深圳,2014,2082.44,2166.14,9974.01,83.69999999999982,0.008391810315008689,20.28464817531741,28.11104605430468
深圳,2015,2726.85,3521.67,9680.24,794.8200000000002,0.08210746840987415,30.944949194214466,62.57813437727941
深圳,2016,3136.49,4211.04,10391.14,1074.5500000000002,0.1034102129314012,15.022461814914646,19.575087955430238
深圳,2017,3332.13,4593.8,10837.59,1261.67,0.11641610358022403,6.237545791633337,9.089441088187256
深圳,2018,3538.41,4282.54,13478.94,744.1300000000001,0.05520686344771919,6.190634819169705,-6.775654142539944
深圳,2019,3773.38,4552.73,16010.77,779.3499999999995,0.04867660955719178,6.640553242840719,6.309106278049925
深圳,2020,3857.39,4177.72,18674.43,320.3300000000004,0.017153401737027604,2.226385892753968,-8.237035800497704
深圳,2021,4257.7,4570.22,20532.31,312.52000000000044,0.015220888443628624,10.377742463168094,9.395076740423015
深圳,2022,4012.44,4997.38,24610.06,984.94,0.04002184472528714,-5.7603870634379994,9.346596006319174
深圳,2023,4112.78,5012.07,27342.4,899.29,0.0328899438235122,2.500722752240514,0.2939540319127243
深圳,2024,3914.18,4700.87,30759.06,786.69,0.025575879106838766,-4.828850558503007,-6.2090114463684625
深圳,2025,,,,,,,
石家庄,2006,77.37,128.25,1553.24,50.879999999999995,0.03275733305863871,,
石家庄,2007,95.87,163.17,1694.72,67.29999999999998,0.03971157477341389,23.91107664469432,27.228070175438578
石家庄,2008,110.04,193.79,2180.17,83.74999999999999,0.038414435571537994,14.780431834776264,18.765704479990198
石家庄,2009,125.96,240.92,2567.46,114.96,0.04477577060596854,14.467466375863314,24.320140358119602
石家庄,2010,163.63,305.16,2920.4,141.53000000000003,0.048462539378167385,29.90631946649731,26.664452930433356
石家庄,2011,221.23,403.54,3243.58,182.31000000000003,0.05620641390068999,35.201368942125534,32.23882553414601
石家庄,2012,272.28,464.09,3735.5,191.81,0.05134787846339178,23.075532251502963,15.004708331268258
石家庄,2013,315.12,522.94,4157.6,207.82000000000005,0.04998556859726766,15.73380343763775,12.680730030813002
石家庄,2014,343.47,566.49,4387.67,223.01999999999998,0.050828799795791385,8.996572734196494,8.32791524840324
石家庄,2015,375.05,682.39,4868.93,307.34,0.06312269841628447,9.194398346289345,20.459319670250142
石家庄,2016,410.72,746.12,5348.2,335.4,0.06271268838113758,9.510731902413006,9.339234162282573
石家庄,2017,460.89,806.73,5641.62,345.84000000000003,0.06130154104672063,12.215134398130111,8.123358172948048
石家庄,2018,519.68,991.61,6473.25,471.93000000000006,0.07290464604333219,12.755755169346262,22.91720897946028
石家庄,2019,569.13,1051.39,7630.02,482.2600000000001,0.06320560103381119,9.5154710591133,6.028579784391042
石家庄,2020,632.19,1142.23,8774.58,510.03999999999996,0.058126998671161466,11.080069579885098,8.63999086923024
石家庄,2021,681.36,1152.74,9858.04,471.38,0.04781680739781944,7.777725051013129,0.9201299212943104
石家庄,2022,692.16,1250.43,11671.06,558.2700000000001,0.04783370148041396,1.585065163790067,8.474590974547613
石家庄,2023,737.89,1274.83,13553.97,536.9399999999999,0.039614961520499155,6.606853906611199,1.951328742912417
石家庄,2024,746.08,1274.69,14831.04,528.61,0.03564213972856927,1.1099215330198309,-0.01098185640436844
石家庄,2025,,,,,,,
福州,2006,115.62,110.06,1311.38,-5.560000000000002,-0.004239808446064452,,
福州,2007,146.56,143.09,1375.37,-3.469999999999999,-0.0025229574587201983,26.76007611139941,30.010903143739775
福州,2008,168.86,178.2,1709.9,9.339999999999975,0.0054623077372945635,15.21561135371179,24.537004682367723
福州,2009,195.26,205.09,2048.27,9.830000000000013,0.0047991719841622505,15.63425322752574,15.089786756453428
福州,2010,247.82,262.42,2329.09,14.600000000000023,0.006268542649704401,26.91795554645089,27.95358135452728
福州,2011,320.04,363.3,2550.77,43.25999999999999,0.016959584752839336,29.142119280122692,38.44219190610472
福州,2012,382.02,410.73,2939.46,28.710000000000036,0.00976710007960647,19.36632920884889,13.055326176713455
福州,2013,453.97,533.84,3296.65,79.87,0.02422762501327105,18.83409245589238,29.97346188493657
福州,2014,510.87,574.81,3483.72,63.93999999999994,0.01835394348569918,12.533867876731941,7.674584145062169
福州,2015,560.46,725.93,3685.23,165.4699999999999,0.044900861004604845,9.706970462152809,26.290426401767554
福州,2016,598.91,829.93,4087.54,231.01999999999998,0.056518101351913375,6.860436070370746,14.326450208697805
福州,2017,634.16,938.86,4385.3,304.70000000000005,0.06948213349143731,5.885692341086313,13.12520333040137
福州,2018,680.38,924.76,5053.29,244.38,0.04836057301282926,7.28838148101425,-1.5018213578169348
福州,2019,668.08,949.76,6027.11,281.67999999999995,0.04673550009872061,-1.8078132808136527,2.70340412647605
福州,2020,675.61,951.4,6951.54,275.78999999999996,0.03967322348716974,1.1271105256855485,0.17267520215633603
福州,2021,749.85,925.26,7493.04,175.40999999999997,0.023409724224079942,10.98858809076242,-2.747529955854533
福州,2022,698.52,1006.09,9029.08,307.57000000000005,0.03406437865208859,-6.845369073814767,8.73592287573224
福州,2023,754.08,1004.9,10414.64,250.81999999999994,0.024083405667406646,7.953959800721533,-0.11827967676848461
福州,2024,750.5,1025.48,11461.16,274.98,0.023992335854311434,-0.4747506895820153,2.0479649716389714
福州,2025,,,,,,,
西宁,2006,14.16,34.31,272.79,20.150000000000002,0.07386634407419627,,
西宁,2007,18.41,45.05,297.09,26.639999999999997,0.08966979703120266,30.014124293785315,31.302827164092093
西宁,2008,23.45,67.25,395.62,43.8,0.11071229968151255,27.376425855513297,49.278579356270825
西宁,2009,28.15,85.12,480.22,56.970000000000006,0.11863312648369498,20.04264392324093,26.572490706319705
西宁,2010,34.52,108.92,576.11,74.4,0.1291420041311555,22.628774422735365,27.96052631578947
西宁,2011,45.25,150.04,680.06,104.78999999999999,0.154089345057789,31.083429895712623,37.75247888358426
西宁,2012,54.77,185.32,823.15,130.54999999999998,0.15859806839579663,21.038674033149185,23.513729672087447
西宁,2013,67.11,207.57,972.5,140.45999999999998,0.14443187660668377,22.530582435639946,12.006259443125412
西宁,2014,83.88,248.14,1093.09,164.26,0.15027124939392,24.98882431828342,19.54521366286073
西宁,2015,94.79,280.03,1160.33,185.23999999999995,0.15964423913886563,13.006676204101119,12.851616023212697
西宁,2016,75.22,287.81,1267.18,212.59,0.16776622105778183,-20.645637725498478,2.778273756383265
西宁,2017,79.16,288.37,1339.19,209.21,0.15622129794876008,5.2379686253655855,0.1945728084500109
西宁,2018,92.94,297.48,1436.77,204.54000000000002,0.14236099027680146,17.40778170793331,3.1591358324374985
西宁,2019,101.79,328.04,1548.93,226.25,0.1460685763720762,9.522272433828283,10.272959526690872
西宁,2020,133.51,329.51,1723.88,196.0,0.11369700907255725,31.162196679438047,0.4481160834044484
西宁,2021,153.87,343.8,1895.2,189.93,0.1002163360067539,15.249794022919637,4.336742435737917
西宁,2022,131.72,339.04,2204.27,207.32000000000002,0.09405381373425217,-14.395268733346334,-1.3845258871436839
西宁,2023,144.09,418.75,2512.76,274.65999999999997,0.10930610165714193,9.391132705739459,23.51050023596035
西宁,2024,134.46,400.98,2774.29,266.52,0.09606782275825526,-6.6833229231730185,-4.243582089552234
西宁,2025,,,,,,,
西安,2006,85.89,119.22,1950.53,33.33,0.01708766335303738,,
西安,2007,112.92,161.25,1997.56,48.33,0.024194517311119566,31.47048550471534,35.2541519879215
西安,2008,145.61,226.99,2504.41,81.38,0.032494679385563864,28.94969890187744,40.768992248062034
西安,2009,181.4,276.85,3084.2,95.45000000000002,0.030948057843200837,24.579355813474347,21.965725362350774
西安,2010,241.86,371.62,3677.77,129.76,0.03528224984161598,33.32965821389195,34.231533321293114
西安,2011,318.55,494.58,4155.65,176.02999999999997,0.04235919771876842,31.708426362358377,33.087562563909366
西安,2012,396.96,597.49,4787.03,200.53000000000003,0.041890274345471,24.614660178935786,20.80755388410369
西安,2013,501.98,729.81,5357.05,227.82999999999993,0.042529003836066476,26.456066102378095,22.14597733853285
西安,2014,583.79,819.54,5687.49,235.75,0.04145062233076454,16.297462050280885,12.294980885435947
西安,2015,650.99,917.24,6571.18,266.25,0.040517836979050946,11.510988540399802,11.921321717060795
西安,2016,641.07,942.52,7035.81,301.44999999999993,0.04284510241180474,-1.5238329313814303,2.7560943700667195
西安,2017,654.5,1045.09,7497.3,390.5899999999999,0.052097421738492515,2.0949350304958925,10.882527691720068
西安,2018,684.7,1151.87,8360.33,467.16999999999985,0.05587937318263751,4.614209320091689,10.217301859170025
西安,2019,702.56,1247.02,9553.93,544.46,0.05698806669088009,2.6084416532788035,8.260480783421741
西安,2020,724.14,1347.58,10913.05,623.4399999999999,0.05712793398729044,3.0716237759052634,8.064024634729194
西安,2021,856.0,1474.62,11996.54,618.6199999999999,0.051566535017596726,18.209186068992178,9.427269624066836
西安,2022,834.08,1569.81,14505.38,735.7299999999999,0.050721180692956676,-2.5607476635513993,6.455222362371327
西安,2023,951.92,1730.47,16568.71,778.5500000000001,0.046989174172280164,14.128141185497789,10.234359572177532
西安,2024,1002.36,1561.85,18529.91,559.4899999999999,0.030193886532638308,5.298764602067396,-9.744173548226787
西安,2025,,,,,,,
贵阳,2006,61.58,88.23,582.2,26.650000000000006,0.04577464788732395,,
贵阳,2007,75.92,106.43,614.15,30.510000000000005,0.049678417324757806,23.286781422539793,20.627904340927117
贵阳,2008,88.99,142.28,767.05,53.290000000000006,0.06947395867283751,17.215489989462583,33.68411162266278
贵阳,2009,105.36,169.84,921.94,64.48,0.0699394754539341,18.395325317451405,19.37025583356762
贵阳,2010,136.3,204.38,1088.7,68.07999999999998,0.06253329659226599,29.36598329536828,20.336787564766844
贵阳,2011,187.09,277.38,1251.04,90.28999999999999,0.07217195293515795,37.26338958180484,35.71778060475586
贵阳,2012,241.19,349.33,1498.2,108.13999999999999,0.07217994927246027,28.916564220428675,25.939144855432982
贵阳,2013,277.21,393.6,1827.14,116.39000000000004,0.06370064691266134,14.934284174302404,12.672830847622606
贵阳,2014,331.6,448.63,2010.58,117.02999999999997,0.058207084522873986,19.620504310811327,13.981199186991855
贵阳,2015,374.1,503.52,2250.6,129.41999999999996,0.05750466542255397,12.816646562123047,12.235026636649348
贵阳,2016,366.32,525.26,2229.76,158.94,0.07128121412169919,-2.0796578454958636,4.317604067365743
贵阳,2017,377.85,582.48,2646.09,204.63,0.07733297053388206,3.1475212928587126,10.893652667250509
贵阳,2018,411.34,624.22,2835.74,212.88000000000005,0.07507035200688358,8.863305544528233,7.165911275923631
贵阳,2019,417.26,718.82,3164.12,301.56000000000006,0.09530611986903154,1.439198716390333,15.154913331838138
贵阳,2020,398.13,678.16,3634.58,280.03,0.07704604108315127,-4.584671427886688,-5.656492585069984
贵阳,2021,403.72,633.41,4008.76,229.68999999999994,0.057297019527235336,1.404063999196259,-6.598737761000351
贵阳,2022,402.16,727.45,4646.48,325.29,0.0700078338871576,-0.38640642029129646,14.84662382974693
贵阳,2023,446.2,778.61,5195.82,332.41,0.06397642720494552,10.950865327232929,7.0327857584713716
贵阳,2024,434.09,693.05,5664.62,258.96,0.04571533483269839,-2.714029583146571,-10.988813398235319
贵阳,2025,,,,,,,
郑州,2006,176.03,187.66,1620.72,11.629999999999995,0.007175823090971911,,
郑州,2007,219.52,240.68,1658.71,21.159999999999997,0.012756901447510412,24.706016019996603,28.25322391559204
郑州,2008,260.39,289.5,2067.22,29.110000000000014,0.014081713605712027,18.617893586005827,20.28419478145256
郑州,2009,301.92,353.05,2511.17,51.129999999999995,0.020361026931669298,15.949153193287003,21.951640759930925
郑州,2010,386.8,426.8,2911.0,40.0,0.013740982480247337,28.113407525172217,20.889392437331832
郑州,2011,502.32,566.58,3252.15,64.26000000000005,0.019759236197592376,29.86556359875905,32.75070290534208
郑州,2012,606.65,700.7,3845.46,94.05000000000007,0.02445741211714595,20.76962892180283,23.671855695576973
郑州,2013,723.61,816.16,4475.32,92.54999999999995,0.020680085446403824,19.279650539850014,16.477807906379315
郑州,2014,833.88,918.51,4839.26,84.63,0.017488211007468082,15.238871767941298,12.540433248382676
郑州,2015,942.9,1106.02,5695.49,163.12,0.028640204793617407,13.073823571736941,20.414584490098097
郑州,2016,1011.18,1321.53,6297.63,310.35,0.049280443595447816,7.241489023226211,19.485181099799288
郑州,2017,1056.67,1514.95,6538.23,458.28,0.07009236444725866,4.498704483870353,14.63606577224883
郑州,2018,1152.06,1763.34,7157.32,611.28,0.08540626938574773,9.027416317298664,16.395920657447437
郑州,2019,1222.53,1910.67,7957.04,688.1400000000001,0.08648190784512835,6.116868913077456,8.355166899179967
郑州,2020,1259.21,1720.18,8961.78,460.97,0.05143732606691974,3.0003353700931656,-9.969801169223357
郑州,2021,1223.63,1624.44,9829.94,400.80999999999995,0.04077440960982467,-2.8255811183202084,-5.565696613145132
郑州,2022,1130.79,1456.41,11393.49,325.6200000000001,0.02857947828101838,-7.587260854997025,-10.343872349855953
郑州,2023,1165.85,1519.62,12886.07,353.77,0.027453676722227954,3.1004872699617048,4.340124003542956
郑州,2024,1155.04,1525.71,14353.23,370.6700000000001,0.02582484918028904,-0.9272204829094632,0.4007580842579239
郑州,2025,,,,,,,
重庆,2006,317.72,594.25,2949.05,276.53,0.09376917990539324,,
重庆,2007,442.7,768.39,3228.19,325.69,0.10088935285717383,39.33652272441142,29.304164913756825
重庆,2008,577.57,1016.01,3988.96,438.43999999999994,0.10991336087601779,30.465326406144122,32.225822824347006
重庆,2009,655.17,1292.09,4908.7,636.92,0.12975329516980055,13.43560087954705,27.172960896054164
重庆,2010,952.07,1709.04,5839.66,756.9699999999999,0.12962569738649166,45.31648274493645,32.26942395653553
重庆,2011,1488.33,2570.24,6990.25,1081.9099999999999,0.15477414970852257,56.32569033789532,50.39086270654869
重庆,2012,1703.49,3046.36,8361.6,1342.8700000000001,0.1605996460007654,14.456471347080303,18.52434013944224
重庆,2013,1693.24,3062.28,9622.31,1369.0400000000002,0.14227768591949339,-0.6017059096325772,0.5225908953636393
重庆,2014,1922.02,3304.39,10774.1,1382.37,0.12830491641993297,13.51137464269685,7.906200608696778
重庆,2015,2154.83,3792.0,12207.28,1637.17,0.13411423347379597,12.112777182339407,14.756430082405526
重庆,2016,2227.91,4001.81,13399.44,1773.9,0.13238612956959395,3.391450833708465,5.53296413502109
重庆,2017,2252.38,4336.28,14367.38,2083.8999999999996,0.1450438423707036,1.098338801836718,8.357968019471173
重庆,2018,2265.54,4540.95,15907.23,2275.41,0.14304250331453056,0.5842708601567992,4.7199442840407
重庆,2019,2134.93,4847.68,17860.4,2712.7500000000005,0.15188629593962064,-5.765071461991411,6.75475396117553
重庆,2020,2094.85,4893.95,20209.8,2799.1,0.13850211283634672,-1.8773449246579532,0.954477193214065
重庆,2021,2285.45,4835.06,22239.89,2549.6100000000006,0.11464130443091224,9.098503472802344,-1.2033224695797706
重庆,2022,2103.42,4892.77,25459.0,2789.3500000000004,0.10956243371695669,-7.96473342230194,1.1935736061186475
重庆,2023,2440.77,5304.56,28899.0,2863.7900000000004,0.09909650852970693,16.038166414696065,8.4162958814741
重庆,2024,2595.55,5621.21,31881.94,3025.66,0.09490200408130747,6.3414414303683,5.969392371846105
重庆,2025,,,,,,,
银川,2006,23.61,36.12,306.38,12.509999999999998,0.040831646974345576,,
银川,2007,27.64,48.47,326.41,20.83,0.06381544683067307,17.069038542990267,34.19158361018826
银川,2008,35.81,63.04,423.15,27.229999999999997,0.06435070306038047,29.55861070911723,30.059830823189593
银川,2009,44.06,72.5,519.4,28.439999999999998,0.05475548710050058,23.03825746998045,15.00634517766497
银川,2010,64.04,119.92,634.45,55.879999999999995,0.08807628654740325,45.34725374489332,65.40689655172413
银川,2011,96.62,147.25,725.26,50.629999999999995,0.0698094476463613,50.87445346658337,22.790193462308196
银川,2012,113.13,186.74,901.47,73.61000000000001,0.0816555182091473,17.087559511488305,26.81833616298812
银川,2013,134.6,220.53,1015.22,85.93,0.08464175252654597,18.978166710863608,18.094677091142763
银川,2014,153.6,263.9,1089.89,110.29999999999998,0.10120287368450025,14.115898959881124,19.66625855892621
银川,2015,171.28,309.27,1304.97,137.98999999999998,0.10574189444968082,11.510416666666679,17.192118226600982
银川,2016,173.2,331.07,1391.35,157.87,0.11346533941855035,1.1209715086408112,7.048856985805285
银川,2017,177.46,341.83,1496.94,164.36999999999998,0.10980400016032704,2.459584295612016,3.250067961458303
银川,2018,173.25,363.28,1664.8,190.02999999999997,0.11414584334454587,-2.372365603516291,6.2750490009653825
银川,2019,154.71,346.47,1867.01,191.76000000000002,0.10270968018382334,-10.7012987012987,-4.627284739044246
银川,2020,157.26,332.36,2137.48,175.10000000000002,0.08191889514755694,1.648245103742485,-4.0725026697838285
银川,2021,171.19,291.69,2323.5,120.5,0.05186141596729073,8.85794226122345,-12.236731255265376
银川,2022,168.86,356.55,2693.87,187.69,0.06967299832582864,-1.361060809626724,22.235935410881424
银川,2023,197.76,438.15,3114.73,240.39,0.07717843922266135,17.11476963164751,22.885990744636086
银川,2024,208.44,444.46,3452.75,236.01999999999998,0.06835710665411628,5.400485436893199,1.440146068697934
银川,2025,,,,,,,
长春,2006,71.59,146.67,1174.6,75.07999999999998,0.06391963221522219,,
长春,2007,93.3,181.56,1202.08,88.26,0.07342273392785839,30.32546445034221,23.78809572509717
长春,2008,119.03,240.33,1507.39,121.30000000000001,0.08047021673223254,27.577706323687035,32.36946463978852
长春,2009,142.65,306.01,1834.16,163.35999999999999,0.08906529419461769,19.843736873057203,27.329089169059205
长春,2010,180.85,382.93,2062.72,202.08,0.09796773192677631,26.778829302488603,25.136433449887274
长春,2011,288.63,518.68,2337.78,230.04999999999995,0.09840532470976736,59.59635056676804,35.450343404799824
长春,2012,340.8,555.51,2767.38,214.70999999999998,0.07758601999002666,18.07504417420227,7.100717205213236
长春,2013,381.82,632.97,3107.16,251.15000000000003,0.0808294391019452,12.036384976525817,13.943943403359071
长春,2014,397.32,675.84,3380.11,278.52000000000004,0.082399685217345,4.059504478550102,6.772832835679421
长春,2015,388.22,765.72,3792.78,377.5,0.09953121457084249,-2.2903453136011165,13.299005681818187
长春,2016,415.49,770.57,4218.09,355.08000000000004,0.08418028064835033,7.024367626603456,0.6333907955910822
长春,2017,450.08,875.73,4566.99,425.65000000000003,0.09320143026369666,8.325110110953315,13.647040502485176
长春,2018,478.01,894.34,4993.24,416.33000000000004,0.08337872804031052,6.205563455385721,2.1250842154545424
长春,2019,420.02,896.02,5889.09,476.0,0.08082742834631497,-12.131545365159724,0.1878480220050438
长春,2020,440.43,1084.14,6896.3,643.71,0.09334135695952903,4.859292414646932,20.995067074395667
长春,2021,617.09,966.49,8257.53,349.4,0.04231289501824395,40.110800808300986,-10.851919493792316
长春,2022,459.69,976.67,9465.28,516.98,0.0546185638459718,-25.506814241034537,1.053295947190347
长春,2023,576.52,1074.97,10750.14,498.45000000000005,0.04636683801327239,25.41495355565706,10.064812065487839
长春,2024,427.48,1056.21,11746.76,628.73,0.05352369504442076,-25.85166169430375,-1.7451649813483128
长春,2025,,,,,,,
长沙,2006,132.83,167.19,1093.04,34.359999999999985,0.03143526311937348,,
长沙,2007,174.58,218.17,1177.17,43.589999999999975,0.03702948597059046,31.431152601069034,30.4922543214307
长沙,2008,205.57,260.56,1494.93,54.99000000000001,0.03678433103891152,17.751174246763647,19.429802447632593
长沙,2009,246.33,314.08,1881.32,67.74999999999997,0.03601194905704504,19.82779588461352,20.540374577832353
长沙,2010,314.28,403.33,2172.08,89.05000000000001,0.04099756915030755,27.584947022287153,28.416327050433022
长沙,2011,425.78,520.89,2526.93,95.11000000000001,0.03763855745905111,35.477917780323274,29.147348325192766
长沙,2012,490.65,624.62,2981.31,133.97000000000003,0.04493662182060907,15.235567664051853,19.913993357522706
长沙,2013,536.63,701.82,3482.97,165.19000000000005,0.047427913533564764,9.371242229695298,12.359514584867615
长沙,2014,632.8,802.38,3866.79,169.58000000000004,0.04385549771257297,17.921100199392505,14.328460288962974
长沙,2015,718.95,925.0,4348.55,206.04999999999995,0.047383610628830286,13.614096080910265,15.28203594306936
长沙,2016,743.7,1041.43,4868.64,297.73,0.06115260113707319,3.442520342165656,12.58702702702703
长沙,2017,800.35,1182.6,5200.21,382.2499999999999,0.07350664684695424,7.617318811348661,13.555399786831558
长沙,2018,879.71,1300.79,5692.08,421.0799999999999,0.0739764725724164,9.915661897919659,9.99408083882971
长沙,2019,950.23,1425.98,6530.52,475.75,0.0728502477597496,8.016278091643825,9.624151477179254
长沙,2020,1100.09,1501.23,7501.64,401.1400000000001,0.05347364043062585,15.77091861970259,5.2770726097140175
长沙,2021,1188.31,1541.59,8245.94,353.28,0.042842902082721915,8.019343871865026,2.6884621277219356
长沙,2022,1202.0,1566.26,9703.39,364.26,0.03753945785957279,1.1520562816100144,1.6002957984937671
长沙,2023,1227.07,1626.83,11132.35,399.76,0.035909758496633686,2.0856905158069816,3.867174032408416
长沙,2024,1264.54,1663.94,12423.85,399.4000000000001,0.03214784466972799,3.053615523156794,2.281123411788588
长沙,2025,,,,,,,
青岛,2006,225.99,236.79,1567.62,10.799999999999983,0.006889424733034781,,
青岛,2007,292.8,321.18,1702.04,28.379999999999995,0.0166741087165989,29.563255011283694,35.6391739516027
青岛,2008,342.44,369.41,2123.36,26.970000000000027,0.012701567327254928,16.953551912568308,15.016501650165015
青岛,2009,377.01,433.58,2527.87,56.56999999999999,0.022378524212083688,10.095199158976742,17.370942854822545
青岛,2010,452.61,532.39,2912.33,79.77999999999997,0.027393873633825828,20.052518500835536,22.789335301443803
青岛,2011,566.14,658.06,3198.51,91.91999999999996,0.028738381308796895,25.083405139082203,23.604876124645457
青岛,2012,670.18,765.98,3757.6,95.80000000000007,0.025494996806472235,18.377079874236045,16.39972039023798
青岛,2013,788.93,1014.23,4140.59,225.30000000000007,0.0544125354116201,17.719120236354424,32.409462388051914
青岛,2014,895.25,1074.71,4435.9,179.46000000000004,0.040456277192903366,13.476480803113077,5.963144454413705
青岛,2015,1006.32,1222.87,5023.59,216.54999999999984,0.043106622952908145,12.40659033789444,13.786044607382442
青岛,2016,1100.03,1352.85,5326.33,252.81999999999994,0.04746607889484879,9.312147229509481,10.629093852985182
青岛,2017,1157.24,1403.03,5394.18,245.78999999999996,0.04556577644794945,5.20076725180223,3.7092064900025923
青岛,2018,1231.91,1559.78,5913.71,327.8699999999999,0.055442353446482816,6.4524212782136825,11.172248633315029
青岛,2019,1241.74,1575.97,6755.24,334.23,0.04947714662987548,0.7979479020382874,1.0379668927669394
青岛,2020,1253.85,1584.65,8030.95,330.8000000000002,0.041190643697196494,0.9752444150949335,0.5507719055565907
青岛,2021,1368.3,1706.76,9028.24,338.46000000000004,0.03748903440759218,9.127886110778816,7.705802543148321
青岛,2022,1273.31,1696.17,10948.24,422.8600000000001,0.03862355958583299,-6.94219103997662,-0.6204738803346599
青岛,2023,1337.86,1718.8,12758.57,380.94000000000005,0.029857578082810227,5.069464623697284,1.334182304839726
青岛,2024,1339.26,1720.42,14168.14,381.1600000000001,0.02690261389286103,0.10464473113780404,0.09425180358391128
青岛,2025,,,,,,,
